재생목록,순서,영상ID,제목,채널,원본URL,상태,자막확보,자막언어,자동생성,분류,한줄요약,상세정리
성장을 위한,1,5Gty04W5lPg,당신의 경쟁자가 *절대* 보게 두면 안되는 영상 | 타이 로페즈,민팍의 마음너머,https://www.youtube.com/watch?v=5Gty04W5lPg,자막 기반 요약,예,en,확인 안 됨,"실행·습관, 사업·브랜딩, 학습·기록","타이 로페즈는 성공이 단순한 노력이 아닌 성실성(조직화, 완벽주의, 근면, 신중)의 조화에서 온다고 강조합니다.",01-growth.md#5Gty04W5lPg
성장을 위한,2,TQsrWa_mGCE,하버드 학생들에게 해주고 싶은 이야기 | 조던 피터슨 (한글자막),비버처럼앞니쏙,https://www.youtube.com/watch?v=TQsrWa_mGCE,자막 기반 요약,예,en,자동,"학습·기록, 소통·관계, 신앙·가치","조던 피터슨은 대학 시절을 단순히 직업 교육의 장이 아닌, 읽고 생각하며 말하는 능력을 연마하여 최고의 역량을 갖추는 시기로 정의합니다.",01-growth.md#TQsrWa_mGCE
성장을 위한,3,oYXHmzMvS4E,앉아있으면 머리가 나빠져요. 뇌를 제대로 알려드릴게요.,돈공-돈버는공식,https://www.youtube.com/watch?v=oYXHmzMvS4E,자막 기반 요약,예,ko,수동,"학습·기록, 건강, 회복·감정","존 메디나 박사는 인간의 뇌가 생존과 문제 해결을 위해 진화했으며, 신체 활동과 정서적 안정이 뇌 기능을 극대화하는 핵심이라고 설명합니다.",01-growth.md#oYXHmzMvS4E
성장을 위한,4,Kc_cvAXCs4Y,고생하면 머리가 좋아져요. 뇌를 제대로 알려드릴게요 (2),돈공-돈버는공식,https://www.youtube.com/watch?v=Kc_cvAXCs4Y,자막 기반 요약,예,ko,수동,"학습·기록, 소통·관계, 건강","뇌는 학습을 통해 물리적으로 재편성되며, 다양한 감각과 시각적 자극을 통합적으로 활용할 때 학습 효율이 극대화됩니다.",01-growth.md#Kc_cvAXCs4Y
성장을 위한,5,wGvlcUqhdZU,시크릿 주인공 중 한 명이 직접 한 말..*충격 주의* | 동기부여 | 존아사라프,민팍의 마음너머,https://www.youtube.com/watch?v=wGvlcUqhdZU,자막 기반 요약,예,en,자동,"실행·습관, 학습·기록, 회복·감정","존 아사라프는 단순한 관심이 아닌 '전념'이 성공의 핵심이며, 뇌의 주파수를 목표에 맞추는 것이 중요하다고 강조합니다.",01-growth.md#wGvlcUqhdZU
성장을 위한,6,b7vxBoXds2U,내 인생을 원자 단위로 쪼개 변화시키는 방법,돈공-돈버는공식,https://www.youtube.com/watch?v=b7vxBoXds2U,자막 기반 요약,예,ko,수동,"실행·습관, 학습·기록",제임스 클리어의 저서를 바탕으로 인생을 원자 단위로 쪼개어 변화시키는 구체적인 습관 형성 전략을 소개합니다.,01-growth.md#b7vxBoXds2U
성장을 위한,7,Q7OStpDzvYM,내 인생을 원자 단위로 쪼개 변화시키는 방법 (2),돈공-돈버는공식,https://www.youtube.com/watch?v=Q7OStpDzvYM,자막 기반 요약,예,ko,수동,"실행·습관, 소통·관계",습관을 지속하려면 도파민의 보상 기대를 활용해 행동 자체를 매력적으로 설계해야 합니다.,01-growth.md#Q7OStpDzvYM
성장을 위한,8,ikto49_6Cqk,단순하고 멋진 삶은 지금 바로 시작할 수 있습니다,돈공-돈버는공식,https://www.youtube.com/watch?v=ikto49_6Cqk,자막 기반 요약,예,ko,수동,"실행·습관, 회복·감정, 소통·관계","진정한 성공은 모든 것에 신경 쓰는 것이 아니라, 자신만의 명확한 가치관에 따라 중요한 것에만 집중하는 태도에서 시작됩니다.",01-growth.md#ikto49_6Cqk
성장을 위한,9,c0Wl9K2gBIo,"베푸는사람 vs 뺏는사람 vs 기브앤테이크(feat. 코난 오브라이언, 버락 오바마)","Success Code, 데일리 동기부여 채널",https://www.youtube.com/watch?v=c0Wl9K2gBIo,자막 기반 요약,예,en,자동,"소통·관계, 실행·습관, 신앙·가치",타인에게 베푸는 '기버'는 성과 지표에서 최하위와 최상위를 동시에 차지하는 독특한 양면성을 보여줍니다.,01-growth.md#c0Wl9K2gBIo
성장을 위한,10,tupPml1hQjQ,전설의 나폴레온 힐 연설 영상,민팍의 마음너머,https://www.youtube.com/watch?v=tupPml1hQjQ,자막 기반 요약,예,en,자동,"실행·습관, 신앙·가치, 기타",나폴레온 힐은 자기 통제를 통해 잠재의식에 명확한 목표를 각인시키는 것이 성공의 핵심이라고 강조합니다.,01-growth.md#tupPml1hQjQ
성장을 위한,11,eAIqY3BNUwc,"많은 영재들도 결국 ""다 망하더군"" | 트럼프",민팍의 마음너머,https://www.youtube.com/watch?v=eAIqY3BNUwc,자막 기반 요약,예,en,자동,"실행·습관, 신앙·가치",트럼프는 성공의 핵심이 뛰어난 재능보다 비전을 향한 끈기와 절대 포기하지 않는 태도에 있다고 강조합니다.,01-growth.md#eAIqY3BNUwc
성장을 위한,12,gmrs8UxAZwo,성공한 엘리트 중 상위 10%는 '이것'이 달랐다,작심만일 : 성공 마인드 동반자,https://www.youtube.com/watch?v=gmrs8UxAZwo,자막 기반 요약,예,en,자동,"실행·습관, 학습·기록, 도구·AI","성공한 엘리트들은 해야 할 일뿐만 아니라 하지 말아야 할 목록을 명확히 관리하며, 특히 아침 첫 한 시간을 스마트폰 없이 보냅니다.",01-growth.md#gmrs8UxAZwo
성장을 위한,13,I5oTw7AJ1Rk,당신을 엘리트로 만들 단 한 가지의 '성공' 습관,작심만일 : 성공 마인드 동반자,https://www.youtube.com/watch?v=I5oTw7AJ1Rk,자막 기반 요약,예,en,자동,"학습·기록, 실행·습관, 소통·관계","글쓰기는 생각을 정교화하는 과정이며, 이를 통해 자신의 목소리를 찾고 세상을 설득하는 강력한 무기를 갖출 수 있습니다.",01-growth.md#I5oTw7AJ1Rk
성장을 위한,14,z7r0DIjRGd4,[밥 로스] 듣고 있으면 절로 힐링되는 밥 아저씨의 인생 명언들 (한영 자막),Project스노우볼,https://www.youtube.com/watch?v=z7r0DIjRGd4,자막 기반 요약,예,en,자동,"실행·습관, 회복·감정, 기타","밥 로스는 그림에 실수는 없으며 단지 '즐거운 사고'가 있을 뿐이라고 강조하며, 완벽함보다 과정의 즐거움을 찾으라고 조언합니다.",01-growth.md#z7r0DIjRGd4
성장을 위한,15,Zixr-ttMfRc,성공하는 사람은 반드시 이 원칙을 지키며 말한다 (원본 조회수: 1520만회),작심만일 : 성공 마인드 동반자,https://www.youtube.com/watch?v=Zixr-ttMfRc,자막 기반 요약,예,en,자동,"사업·브랜딩, 소통·관계",성공하는 리더와 기업은 '무엇을'이 아닌 '왜'라는 본질적인 목적에서 시작하여 사람들의 마음을 움직입니다.,01-growth.md#Zixr-ttMfRc
성장을 위한,16,BSGNPHxonKI,인생을 바꾸는 아침습관ㅣ동기부여ㅣ한영 자막,잭스파이어 Jackspire,https://www.youtube.com/watch?v=BSGNPHxonKI,자막 기반 요약,예,en,자동,"실행·습관, 회복·감정",거울 속 자신에게 하이파이브를 하는 간단한 아침 습관이 자기 비판을 멈추고 긍정적인 자아 파트너십을 형성하게 돕습니다.,01-growth.md#BSGNPHxonKI
성장을 위한,17,J9bpQxB4iOE,데드라인이 없어서 일을 미루기만 하는 당신이 지금 봐야하는 영상,돈공-돈버는공식,https://www.youtube.com/watch?v=J9bpQxB4iOE,자막 기반 요약,예,ko,수동,"실행·습관, 소통·관계, 기타",데드라인이 없는 중요한 일을 미루지 않으려면 실패를 미리 시뮬레이션하는 '사전 검열'과 삶에 대한 강한 주인의식이 필요합니다.,01-growth.md#J9bpQxB4iOE
성장을 위한,18,bkJcRq1Pfys,우리 모두가 갖고 있는 행복 치트키 - 게리 바이너척,게리 바이너척 Gary Vaynerchuk Korean,https://www.youtube.com/watch?v=bkJcRq1Pfys,자막 기반 요약,예,en,자동,"회복·감정, 실행·습관, 소통·관계",게리 바이너척은 인간으로 태어난 것 자체가 희박한 확률의 기적임을 강조하며 관점의 전환을 촉구합니다.,01-growth.md#bkJcRq1Pfys
성장을 위한,19,Uuq4OME-7-M,인생을 성공으로 이끄는 ‘5초 법칙’ㅣ멜 로빈스 동기부여ㅣ한영 자막,잭스파이어 Jackspire,https://www.youtube.com/watch?v=Uuq4OME-7-M,영상 직접 분석,예,vi,자동,"실행·습관, 학습·기록, 기타",멜 로빈스는 뇌의 방어 기제를 극복하고 행동을 이끌어내는 '5초 법칙'을 설명합니다.,01-growth.md#Uuq4OME-7-M
성장을 위한,20,3EtsD-ZMtOw,50조 부자의 인터뷰 - 성공적인 인생과 비즈니스를 위한 5가지 조언 | 동기부여학과,동기부여학과,https://www.youtube.com/watch?v=3EtsD-ZMtOw,자막 기반 요약,예,ko,자동,"실행·습관, 사업·브랜딩, 소통·관계","성공한 사람들은 목표를 위해 기꺼이 대가를 지불하며, 자신의 한계를 규정하지 않고 거대한 꿈을 시각화합니다.",01-growth.md#3EtsD-ZMtOw
성장을 위한,21,nFBoJ5SKe2s,두려움에서 나오세요 - 당신을 다시 깨우는 영상 | 댄 페냐 | 한영자막,제임스비디오 James video,https://www.youtube.com/watch?v=nFBoJ5SKe2s,자막 기반 요약,예,en,자동,"실행·습관, 사업·브랜딩, 기타",댄 페냐는 두려움 때문에 기회를 놓치고 준비만 하며 시간을 낭비하는 태도를 강하게 비판합니다.,01-growth.md#nFBoJ5SKe2s
성장을 위한,22,7X-BOvSaQBw,당신의 인생을 180도 바꿀 수 있는 30분 마인드셋 | 동기부여학과,동기부여학과,https://www.youtube.com/watch?v=7X-BOvSaQBw,자막 기반 요약,예,ko,자동,"실행·습관, 기타, 학습·기록",부자가 되기 위해서는 자산과 부채의 차이를 명확히 알고 학교에서 가르치지 않는 금융 지식을 스스로 학습해야 합니다.,01-growth.md#7X-BOvSaQBw
성장을 위한,23,dGJya2dpjko,[닐 디그래스 타이슨] 아는 것과 생각해 내는 힘의 차이 (한영 자막),Project스노우볼,https://www.youtube.com/watch?v=dGJya2dpjko,자막 기반 요약,예,en,자동,"학습·기록, 기타",닐 디그래스 타이슨은 단순히 정답을 외우는 것보다 스스로 생각하는 법을 익히는 것이 중요하다고 강조합니다.,01-growth.md#dGJya2dpjko
성장을 위한,24,NyA5y_0RDeU,모든 남자들을 위한 41가지 신조,민팍의 마음너머,https://www.youtube.com/watch?v=NyA5y_0RDeU,자막 기반 요약,예,en,자동,"신앙·가치, 소통·관계, 실행·습관",남성이 능력 있고 유덕한 존재로 거듭나기 위해 지켜야 할 41가지의 신성한 의무와 신조를 소개합니다.,01-growth.md#NyA5y_0RDeU
성장을 위한,25,v14CZir0ufs,"2,400만 유튜버가 말하는 꿈처럼 사는 법",민팍의 마음너머,https://www.youtube.com/watch?v=v14CZir0ufs,자막 기반 요약,예,en,자동,"실행·습관, 학습·기록, 기타",화자는 자신의 목표를 말로 내뱉고 기록하는 시각화와 확언의 힘이 인생을 바꾼다고 강조합니다.,01-growth.md#v14CZir0ufs
성장을 위한,26,Z4pXqX5Dsrc,당신이 원하는 것은 다 얻을 수 있다. 하지만..?,민팍의 마음너머,https://www.youtube.com/watch?v=Z4pXqX5Dsrc,자막 기반 요약,예,en,자동,"사업·브랜딩, 실행·습관, 학습·기록","인생에서 원하는 대부분을 얻을 수 있지만, 예상보다 1~2년 혹은 그 이상의 긴 시간이 필요하며 인내심이 핵심입니다.",01-growth.md#Z4pXqX5Dsrc
성장을 위한,27,C87fr5Q12aY,"4000만 열광한 공부법 “적게 공부하고, 영리하게 공부하라“",잭스파이어 Jackspire,https://www.youtube.com/watch?v=C87fr5Q12aY,자막 기반 요약,예,en,자동,"학습·기록, 건강",효율적인 공부는 단순히 시간을 많이 투자하는 것이 아니라 뇌의 집중력을 유지하고 개념을 깊이 이해하는 전략에 달려 있습니다.,01-growth.md#C87fr5Q12aY
성장을 위한,28,iB2AFvw8sBw,"드디어 공개, 조던피터슨 공부법",민팍의 마음너머,https://www.youtube.com/watch?v=iB2AFvw8sBw,자막 기반 요약,예,en,자동,"실행·습관, 학습·기록",조던 피터슨은 학기 초에 전체 일정을 계획하고 전략적으로 시간을 관리하는 것이 학업 성취에 필수적이라고 강조합니다.,01-growth.md#iB2AFvw8sBw
성장을 위한,29,rKhI2xoQH8U,부자들만 아는 당신도 모르게 노예가 된 이유 | 동기부여,민팍의 마음너머,https://www.youtube.com/watch?v=rKhI2xoQH8U,자막 기반 요약,예,en,자동,"학습·기록, 사업·브랜딩, 기타",현대 교육은 지식을 조직하고 활용하는 법 대신 순응하는 노동자를 양성하는 데 머물러 있습니다.,01-growth.md#rKhI2xoQH8U
성장을 위한,30,ph4wfrlhwlQ,성공을 위해 반드시 마스터해야 할 7가지 요소 l 브라이언 트레이시 Brian Tracy,동기부여학과,https://www.youtube.com/watch?v=ph4wfrlhwlQ,자막 기반 요약,예,ko,자동,"실행·습관, 학습·기록, 사업·브랜딩","브라이언 트레이시는 성공을 위해 명확한 목표 설정과 핵심 능력 배양, 그리고 끝까지 완수하는 집중력이 필수적이라고 강조합니다.",01-growth.md#ph4wfrlhwlQ
성장을 위한,31,RKdLHF9sj3w,종이 한 장으로 400억 부자가 되는 법 | 브라이언 트레이시,민팍의 마음너머,https://www.youtube.com/watch?v=RKdLHF9sj3w,자막 기반 요약,예,en,자동,"실행·습관, 학습·기록, 사업·브랜딩",브라이언 트레이시는 성공을 위해 명확한 목표 설정과 그에 따른 대가를 치를 결단력이 필수적이라고 강조합니다.,01-growth.md#RKdLHF9sj3w
성장을 위한,32,hehPTOmn6vE,해외에서 난리난 공부법 (드디어 번역),민팍의 마음너머,https://www.youtube.com/watch?v=hehPTOmn6vE,자막 기반 요약,예,en,자동,"학습·기록, 실행·습관",효율적인 공부를 위해서는 25~30분 집중 후 짧은 휴식을 취하며 뇌를 재충전하는 것이 필수적입니다.,01-growth.md#hehPTOmn6vE
성장을 위한,33,Ki5IMN632KU,가난의 자장을 만드는 '이것'부터 비우면 인생이 확실히 달라집니다.,KELLY CHOI,https://www.youtube.com/watch?v=Ki5IMN632KU,자막 기반 요약,예,ko,자동,"실행·습관, 회복·감정","주변 환경의 정돈 상태가 개인의 에너지와 부의 흐름을 결정하며, 청소는 단순한 가사 노동이 아닌 운명을 바꾸는 강력한 힘입니다.",01-growth.md#Ki5IMN632KU
성장을 위한,34,zqonx8Ea-S4,꼭 알아야 할 긍정보다 70배 강력한 힘 | 트레버 모아와드,민팍의 마음너머,https://www.youtube.com/watch?v=zqonx8Ea-S4,영상 직접 분석,아니오,확인 안 됨,확인 안 됨,"실행·습관, 회복·감정, 소통·관계",부정적인 생각보다 이를 밖으로 내뱉는 말이 훨씬 강력한 파괴력을 가집니다.,01-growth.md#zqonx8Ea-S4
성장을 위한,35,sfxHiQebtH4,"""뇌가 싹 맑아집니다."" 스웨덴인이 유독 똑똑한 이유 (김익한 교수 3부)",지식인사이드,https://www.youtube.com/watch?v=sfxHiQebtH4,자막 기반 요약,예,ko,자동,"실행·습관, 학습·기록","김익한 교수는 훑어보기, 토론, 정독으로 구성된 스웨덴식 독서법과 뇌의 인지 능력을 극대화하는 기술을 소개합니다.",01-growth.md#sfxHiQebtH4
성장을 위한,36,1mSTAGRCtXE,젠틀몬스터 김한국 대표 강연,opencore AI,https://www.youtube.com/watch?v=1mSTAGRCtXE,자막 기반 요약,예,ko,자동,"실행·습관, 사업·브랜딩, 신앙·가치",젠틀몬스터 김한국 대표는 평범한 사람이 성공하기 위해 자신만의 '설렘'을 찾고 극한의 몰입을 실천해야 한다고 강조합니다.,01-growth.md#1mSTAGRCtXE
성장을 위한,37,RnrZJOHY9tY,시대가 변해도 절대 바뀌지 않는 5가지 핵심능력  | 동기부여학과,동기부여학과,https://www.youtube.com/watch?v=RnrZJOHY9tY,자막 기반 요약,예,ko,자동,"실행·습관, 학습·기록, 도구·AI",디지털 기술이 급변하는 시대에도 인간의 탁월함은 기술적 숙련도가 아닌 내면의 고유한 역량에서 비롯됩니다.,01-growth.md#RnrZJOHY9tY
성장을 위한,38,HqvqIknMFKI,"90년간의 깨달음, 성공비밀 5가지 - 경영의신 이나모리 가즈오, 왜 리더인가? [도서 협찬] | 동기부여학과",동기부여학과,https://www.youtube.com/watch?v=HqvqIknMFKI,자막 기반 요약,예,ko,수동,"사업·브랜딩, 실행·습관, 소통·관계",이나모리 가즈오는 성공의 본질이 외적인 성격이 아닌 뿌리 깊은 마음가짐과 이타적인 동기에 있다고 강조합니다.,01-growth.md#HqvqIknMFKI
성장을 위한,39,UblIF5Utawg,백수에서 월 1억을 벌기까지 (29살),민팍의 마음너머,https://www.youtube.com/watch?v=UblIF5Utawg,자막 기반 요약,예,ko,자동,"사업·브랜딩, 실행·습관, 회복·감정","전교 꼴찌 수준의 성적과 빚더미라는 역경을 딛고, 자신의 열정을 담은 콘텐츠로 월 1억 원의 수익을 달성한 민팍의 성장기를 다룹니다.",01-growth.md#UblIF5Utawg
성장을 위한,40,7WwS0OET-HQ,"게리 바이너척, ""개소리를 다 무시하는 것이 최고의 성공 요인"" |  7가지 성공비밀",민팍의 마음너머,https://www.youtube.com/watch?v=7WwS0OET-HQ,자막 기반 요약,예,en,자동,"실행·습관, 사업·브랜딩, 소통·관계, 회복·감정",게리 바이너척은 타인의 판단에 흔들리지 않는 단단한 자아와 즉각적인 실행력이 성공과 행복의 핵심이라고 강조합니다.,01-growth.md#7WwS0OET-HQ
성장을 위한,41,VK9WKcoqMyY,백만장자들의 효율성 증가 4가지 방법,민팍의 마음너머,https://www.youtube.com/watch?v=VK9WKcoqMyY,자막 기반 요약,예,en,자동,"실행·습관, 사업·브랜딩, 소통·관계",생산성을 극대화하기 위해 업무 시작 직후 가장 중요한 일에 집중하고 외부 방해를 완벽히 차단하는 환경을 구축해야 합니다.,01-growth.md#VK9WKcoqMyY
성장을 위한,42,tGXQ5b5yRaM,조던 피터슨 | 당신이 먹을 독을 선택하세요,조던 피터슨 한국 공식 채널,https://www.youtube.com/watch?v=tGXQ5b5yRaM,자막 기반 요약,예,en,확인 안 됨,"실행·습관, 회복·감정, 기타",조던 피터슨은 가치 체계가 없는 사람들이 즉각적인 쾌락에 탐닉하는 이유를 정체성 부재와 책임 회피로 설명합니다.,01-growth.md#tGXQ5b5yRaM
성장을 위한,43,qO1tof4ORs0,"저는 부자들의 ""이것""을 보고 돈을 더 벌기 시작했습니다(前신사임당 주언규)",꿈나무의 100억 부자 챌린지,https://www.youtube.com/watch?v=qO1tof4ORs0,자막 기반 요약,예,ko,자동,"실행·습관, 사업·브랜딩, 학습·기록",주언규 작가는 부자가 되기 위해 한 가지 분야에 몰입하는 시간 확보와 철저한 계획의 중요성을 강조합니다.,01-growth.md#qO1tof4ORs0
성장을 위한,44,9d5GWZyTtXE,"""경이롭다"" 무료 AI 웹사이트 BEST 5",페이퍼로지,https://www.youtube.com/watch?v=9d5GWZyTtXE,자막 기반 요약,예,ko,자동,"도구·AI, 사업·브랜딩, 기타",이 영상은 복잡한 가입 없이 즉시 사용 가능한 유용한 무료 AI 웹사이트 5가지를 소개합니다.,01-growth.md#9d5GWZyTtXE
성장을 위한,45,tkHvxLwLx3M,"[스티브 잡스] A급 인재와 B급, C급 직원의 차이 (한영 자막)",Project스노우볼,https://www.youtube.com/watch?v=tkHvxLwLx3M,자막 기반 요약,예,en,자동,"사업·브랜딩, 소통·관계, 실행·습관",스티브 잡스는 소프트웨어 분야에서 최고와 평균의 성과 차이가 50~100배에 달하기 때문에 타협 없는 인재 채용이 중요하다고 강조합니다.,01-growth.md#tkHvxLwLx3M
성장을 위한,46,eZF3GwAArC0,자수성가한 해외 억만장자 12인에게 직접 듣는 성공의 비결 (한영 자막),Project스노우볼,https://www.youtube.com/watch?v=eZF3GwAArC0,자막 기반 요약,예,en,자동,"실행·습관, 사업·브랜딩, 학습·기록",세계적인 억만장자들은 성공의 핵심 비결로 자신이 진정으로 열정을 느끼는 일을 찾아 끈기 있게 실행할 것을 강조합니다.,01-growth.md#eZF3GwAArC0
성장을 위한,47,oYEvR8OUX28,우리가 몰랐던 트럼프의 따뜻한 성공조언,오너의 그릇,https://www.youtube.com/watch?v=oYEvR8OUX28,자막 기반 요약,예,en,자동,"실행·습관, 사업·브랜딩",도널드 트럼프는 성공을 위해 열정을 느끼는 일을 찾고 그 과정에서 발생하는 '모멘텀'을 유지하는 것이 핵심이라고 강조합니다.,01-growth.md#oYEvR8OUX28
성장을 위한,48,BPAT2nq3_lQ,뇌를 어떻게 성공 머신으로 만들까?,민팍의 마음너머,https://www.youtube.com/watch?v=BPAT2nq3_lQ,자막 기반 요약,예,en,자동,"실행·습관, 학습·기록","인간은 하루 7만 5천 개의 생각 중 91%를 반복하며 살아가므로, 변화를 위해서는 나머지 9%의 가변적 생각을 통제해야 합니다.",01-growth.md#BPAT2nq3_lQ
성장을 위한,49,MhjuZRr5vBY,책 읽으면 성공한다는 말만 믿고 1년 동안 자기계발서 143권을 읽었더니...,타임프리,https://www.youtube.com/watch?v=MhjuZRr5vBY,자막 기반 요약,예,ko,자동,"실행·습관, 학습·기록",1년 동안 143권의 자기계발서를 읽었음에도 큰 변화를 얻지 못한 화자는 독서 방법의 오류를 지적합니다.,01-growth.md#MhjuZRr5vBY
성장을 위한,50,uPJiDgcjLd4,내일부터는 없다. 지금 당장 절실하게 시작하라 | 동기부여 영상,커넥트더닷 : Connect the Dots,https://www.youtube.com/watch?v=uPJiDgcjLd4,자막 기반 요약,예,ko,수동,"실행·습관, 신앙·가치",타인이 정한 한계에 굴복하지 말고 자신의 가치를 증명하기 위해 지금 당장 행동해야 합니다.,01-growth.md#uPJiDgcjLd4
성장을 위한,51,c2nFwHDJVio,지금 당장 갖다 버려야 할 미국 하위 50%의 가난한 12가지 생활 습관ㅣ알렉스 홀모지ㅣ동기부여학과,동기부여학과,https://www.youtube.com/watch?v=c2nFwHDJVio,자막 기반 요약,예,ko,자동,"실행·습관, 사업·브랜딩",알렉스 홀모지는 부자처럼 보이려는 허례허식을 버리고 시장이 원하는 핵심 가치에 집중할 것을 강조합니다.,01-growth.md#c2nFwHDJVio
성장을 위한,52,8XN63NlWwUA,하루의 시작을 완전히 바꿔 줄 초대형 억만장자 부자 3명에게 듣는 고밀도 인생조언 7가지ㅣ폴 오팔라ㅣ브라이언 스미스ㅣ앤드류 비터비 | 동기부여학과,동기부여학과,https://www.youtube.com/watch?v=8XN63NlWwUA,자막 기반 요약,예,ko,자동,"사업·브랜딩, 실행·습관, 소통·관계","킨코스, 어그, 퀄컴의 창립자들은 진정한 성공이 부의 축적을 넘어 직관을 따르는 사업적 본질과 가족과의 유대감에 있다고 강조합니다.",01-growth.md#8XN63NlWwUA
성장을 위한,53,S8255fBMrCQ,알아두면 무조건 성공하는 7가지 부자의 기술ㅣ패드릭 뱃 데이비드(Patrick Bet-David)ㅣ동기부여학과ㅣ부자 마인드 습관 성공 조언,동기부여학과,https://www.youtube.com/watch?v=S8255fBMrCQ,자막 기반 요약,예,ko,자동,"사업·브랜딩, 실행·습관, 소통·관계","패트릭 벳 데이비드는 백만장자가 되기 위해 마스터해야 할 설득, 부의 분배, 레버리지 등 7가지 핵심 기술을 제시합니다.",01-growth.md#S8255fBMrCQ
성장을 위한,54,5BX7dfoQY1k,무의식을 활용해 호감 사는 법,EBS,https://www.youtube.com/watch?v=5BX7dfoQY1k,자막 기반 요약,예,ko,자동,"소통·관계, 실행·습관",상대방에게 따뜻한 음료를 건네거나 몸짓을 따라 하는 무의식적 자극을 통해 호감을 얻을 수 있습니다.,01-growth.md#5BX7dfoQY1k
성장을 위한,55,JhUbuiPzyTw,1000억대 부자가 가난을 벗어나기위해 포기해야 했던 루틴 3가지 - 알렉스 홀모지(Alex Hormizi )| 동기부여학과,동기부여학과,https://www.youtube.com/watch?v=JhUbuiPzyTw,자막 기반 요약,예,ko,자동,"실행·습관, 사업·브랜딩",알렉스 홀모지는 성공을 위해 새로운 습관을 추가하기보다 불필요한 일을 제거하는 '안티 루틴'을 실천하라고 조언합니다.,01-growth.md#JhUbuiPzyTw
성장을 위한,56,m_Z-ATOg7eM,"""혼자 뿌듯해해요."" 일 못하는 사람들의 '치명적인' 착각 3가지 (드로우앤드류 1부)",지식인사이드,https://www.youtube.com/watch?v=m_Z-ATOg7eM,자막 기반 요약,예,ko,자동,"실행·습관, 사업·브랜딩, 소통·관계","일 못하는 사람들은 실패를 두려워해 책임을 회피하고 지름길만 찾지만, 일 잘하는 사람들은 수많은 실패를 통해 자신만의 오답 노트를 쌓으며 성장합니다.",01-growth.md#m_Z-ATOg7eM
성장을 위한,57,ewlbNkd2ZoE,그동안 제 영상봐주셔서 감사합니다. (S1 E8),드로우앤드류,https://www.youtube.com/watch?v=ewlbNkd2ZoE,자막 기반 요약,예,ko,자동,"사업·브랜딩, 실행·습관, 회복·감정",드로우앤드류는 시즌 1을 마무리하며 실버 버튼 획득 소식과 함께 자기계발의 본질은 나만의 목적을 찾는 것이라고 강조합니다.,01-growth.md#ewlbNkd2ZoE
성장을 위한,58,vtyeVfUojz8,가장 빠르게 부의 추월차선으로 올라타는 3가지 습관,드로우앤드류,https://www.youtube.com/watch?v=vtyeVfUojz8,자막 기반 요약,예,ko,자동,"실행·습관, 사업·브랜딩",드로앤드류는 목표를 종이에 적고 자신만의 직함을 설정하며 필요한 정보를 지속적으로 수집하는 세 가지 습관을 강조합니다.,01-growth.md#vtyeVfUojz8
성장을 위한,59,1WpafI-HmY4,워렌버핏과의 식사를 대체하는 영상 | 동기부여,성공비밀 by 민팍,https://www.youtube.com/watch?v=1WpafI-HmY4,자막 기반 요약,예,en,자동,"실행·습관, 사업·브랜딩, 소통·관계","워렌 버핏은 진정한 성공을 주변 사람들에게 사랑받는 것으로 정의하며, 자신에 대한 투자가 가장 가치 있는 일임을 강조합니다.",01-growth.md#1WpafI-HmY4
성장을 위한,60,OpxGLFOzBRE,평범한 사람이 12개월 안에 99%보다 앞서 나가는 3 단계,성공한스푼,https://www.youtube.com/watch?v=OpxGLFOzBRE,자막 기반 요약,예,ko,자동,"실행·습관, 학습·기록",화자는 12개월 안에 성공하기 위해 원하지 않는 것을 먼저 파악하고 불필요한 자극으로부터 자신을 격리하라고 조언합니다.,01-growth.md#OpxGLFOzBRE
성장을 위한,61,yCxpn6_z3Xk,[*100% 실화] 누구도 믿지 않았던 '흙수저' 출신인 내가 목표를 다 이뤄낸 이유...,터닝포인트 - 위대한 성공의 시작점,https://www.youtube.com/watch?v=yCxpn6_z3Xk,내용 미확보,아니오,확인 안 됨,확인 안 됨,,,01-growth.md#yCxpn6_z3Xk
성장을 위한,62,FN27nl62SVU,부자가 될 20대들이 알아야하는 3가지,민팍의 마음너머,https://www.youtube.com/watch?v=FN27nl62SVU,자막 기반 요약,예,ko,자동,"실행·습관, 사업·브랜딩",부자가 되기 위해 20대에는 미래 목표와 연결된 자기 투자를 통해 몸값을 높이고 실패를 두려워하지 않는 태도를 가져야 합니다.,01-growth.md#FN27nl62SVU
성장을 위한,63,AADTDGBpkGo,월 수익 0원 되고 보니 가장 후회되는 것,주언규 joo earn gyu,https://www.youtube.com/watch?v=AADTDGBpkGo,자막 기반 요약,예,ko,자동,"실행·습관, 사업·브랜딩, 회복·감정","월 5억 수익의 사업을 폐업하며 깨달은 가장 큰 후회는 돈을 잃은 것이 아니라, 가능성을 현실로 바꾸지 못한 망설임입니다.",01-growth.md#AADTDGBpkGo
성장을 위한,64,osllx6FCe6k,용기있게 도전하는 어른이 되는 법,드로우앤드류,https://www.youtube.com/watch?v=osllx6FCe6k,자막 기반 요약,예,ko,자동,"실행·습관, 회복·감정, 소통·관계","완벽주의와 실패에 대한 공포는 성장을 가로막는 장애물이므로, 실패를 배움의 과정으로 받아들이는 태도가 중요합니다.",01-growth.md#osllx6FCe6k
성장을 위한,65,V-LDoWiUvoM,'50만'명 지휘하고 깨달은 상위 '0.1%'들의 결정적인 차이 (고성균 장군 1부),지식인사이드,https://www.youtube.com/watch?v=V-LDoWiUvoM,자막 기반 요약,예,ko,자동,"소통·관계, 실행·습관",고성균 장군은 50만 명을 지휘하며 깨달은 상위 0.,01-growth.md#V-LDoWiUvoM
성장을 위한,66,kICh_d6tHQk,1 년 넘게 하루에 12 시간 공부 한 방법,James Scholz,https://www.youtube.com/watch?v=kICh_d6tHQk,자막 기반 요약,예,ko,수동,"실행·습관, 학습·기록, 건강",화자는 1년 넘게 하루 12시간 공부할 수 있었던 비결로 성장 마인드셋과 동기가 아닌 강력한 실행 의지를 강조합니다.,01-growth.md#kICh_d6tHQk
성장을 위한,67,jS-Jk9fT7uQ,"레전드 인공지능 과학자가 별세하기전에 남긴 MIT 최고의 강의 ""말을 하는 법""",JASON MEDIA,https://www.youtube.com/watch?v=jS-Jk9fT7uQ,자막 기반 요약,예,en,자동,"소통·관계, 학습·기록",패트릭 윈스턴 교수는 인생의 성공을 결정하는 가장 중요한 요소로 말하기 능력을 꼽으며 청중을 사로잡는 강연 기법을 전수합니다.,01-growth.md#jS-Jk9fT7uQ
성장을 위한,68,3r6hUpSKdHI,누구든 1000% 바꿀 뇌 개조법 공유 금지 | 존 아사라프,성공비밀 by 민팍,https://www.youtube.com/watch?v=3r6hUpSKdHI,자막 기반 요약,예,en,자동,"실행·습관, 학습·기록, 회복·감정","존 아사라프는 단순한 관심이 아닌 헌신적인 태도가 목표 달성의 핵심이며, 이를 위해 뇌의 신경 패턴을 재설계해야 한다고 강조합니다.",01-growth.md#3r6hUpSKdHI
성장을 위한,69,yA8PsufH-C8,대중을 매료시키는 화법의 비밀 | 말을 제대로 잘하는 방법,돈공-돈버는공식,https://www.youtube.com/watch?v=yA8PsufH-C8,자막 기반 요약,예,ko,수동,"소통·관계, 학습·기록",말을 잘하기 위해서는 단순한 기술을 넘어 자기 인식과 탄탄한 논리적 사고가 뒷받침되어야 합니다.,01-growth.md#yA8PsufH-C8
성장을 위한,70,zH4E-NWJVPo,소심한 사람의 인생이 망가지는 과정,주언규 joo earn gyu,https://www.youtube.com/watch?v=zH4E-NWJVPo,영상 직접 분석,아니오,확인 안 됨,확인 안 됨,"실행·습관, 사업·브랜딩, 소통·관계",성공의 원인을 잘못 분석하여 불필요한 징크스를 쌓는 것이 인생과 조직의 효율을 저해한다고 경고합니다.,01-growth.md#zH4E-NWJVPo
성장을 위한,71,0wgJxFiJL2c,이것만 하지 않아도 성공했을텐데...,주언규 joo earn gyu,https://www.youtube.com/watch?v=0wgJxFiJL2c,자막 기반 요약,예,ko,자동,"사업·브랜딩, 실행·습관",사업 실패의 주요 원인은 남 탓을 하는 습관과 감당할 수 없는 규모의 무리한 투자에 있습니다.,01-growth.md#0wgJxFiJL2c
성장을 위한,72,y00tvum7g1I,인생을 바꾸는 법 - 한 걸음씩 나아가기,한눈에 보는 세상 – Kurzgesagt,https://www.youtube.com/watch?v=y00tvum7g1I,자막 기반 요약,예,ko,수동,"실행·습관, 학습·기록, 건강","변화는 뇌 속 정글에 새로운 고속도로를 만드는 과정이며, 거창한 목표보다 작고 구체적인 루틴을 반복하여 습관으로 정착시키는 것이 핵심입니다.",01-growth.md#y00tvum7g1I
성장을 위한,73,XqMvQSr7Px8,대부분의 사람들이 이걸 몰라서 부자가 되지 못해요 | 되더라 - 현우진 | 공부자극 | 동기부여,오늘의글,https://www.youtube.com/watch?v=XqMvQSr7Px8,자막 기반 요약,예,ko,자동,"실행·습관, 학습·기록","현우진 강사는 사고의 전환을 위해 계기와 경험, 타인의 도움이 필수적임을 강조하며 자신의 성적 향상 사례를 공유합니다.",01-growth.md#XqMvQSr7Px8
성장을 위한,74,720t8HBjWns,한계에 부딪쳤을 때 당신에게 필요한 동기부여 영상 | 한영 자막,제임스비디오 James video,https://www.youtube.com/watch?v=720t8HBjWns,자막 기반 요약,예,en,자동,"실행·습관, 신앙·가치, 기타",레스 브라운은 수많은 거절 속에서도 포기하지 않고 라디오 DJ라는 꿈을 쟁취한 자신의 일화를 통해 강력한 동기부여를 전달합니다.,01-growth.md#720t8HBjWns
성장을 위한,75,MazwNckdQ-8,"매출 720억을 만들어준, 일반인을 억대 연봉으로 만들어준 독서법 비밀 최종 공개, 독서법종결, 한번만 따라하면 평생 써먹습니다 [노아AI현대표]",자본운동가,https://www.youtube.com/watch?v=MazwNckdQ-8,자막 기반 요약,예,ko,자동,"실행·습관, 학습·기록",현승원 대표는 독서의 양보다 책의 내용을 실제 삶으로 살아내는 실행력을 강조하며 4단계 반복 독서법을 제안합니다.,01-growth.md#MazwNckdQ-8
성장을 위한,76,b8b2bUnH_NI,재능없이 평범한 사람이 성공하는 5단계 전략,드로우앤드류,https://www.youtube.com/watch?v=b8b2bUnH_NI,자막 기반 요약,예,ko,자동,"실행·습관, 사업·브랜딩, 기타",평범한 사람이 성공하려면 자신의 핑계를 자기 객관화의 도구로 삼아 비슷한 조건에서 성공한 '돌연변이'를 찾아야 합니다.,01-growth.md#b8b2bUnH_NI
성장을 위한,77,bbOsoEEQMsM,세계 최고 두뇌 과학자가 찾은 90%가 성공하는 목표설정법,터닝포인트 - 위대한 성공의 시작점,https://www.youtube.com/watch?v=bbOsoEEQMsM,자막 기반 요약,예,ko,자동,"실행·습관, 학습·기록, 건강",앤드류 후보만 교수는 뇌과학적 원리를 활용해 성취율을 높이는 방법으로 단 하나의 도전적인 목표에 집중할 것을 강조합니다.,01-growth.md#bbOsoEEQMsM
성장을 위한,78,0S3IUndOqT4,미국 네이비 씰도 배우는 스트레스 관리법 (지나영 교수 3부),지식인사이드,https://www.youtube.com/watch?v=0S3IUndOqT4,자막 기반 요약,예,ko,자동,"회복·감정, 건강",만성 스트레스 사회에서 남을 따라 하려는 강박을 버리고 자신만의 우선순위를 정하는 '조모(JOMO)'의 태도가 필요합니다.,01-growth.md#0S3IUndOqT4
성장을 위한,79,'-tqTeTa5XS8,왜 우리는 큰 꿈을 꾸지 않을까? 못하는 걸까?,드로우앤드류,https://www.youtube.com/watch?v=-tqTeTa5XS8,자막 기반 요약,예,ko,자동,"실행·습관, 회복·감정, 소통·관계",출연자들은 각자의 결핍과 환경 속에서 꿈을 정의하고 실현해 나가는 다양한 경험과 가치관을 공유합니다.,01-growth.md#-tqTeTa5XS8
성장을 위한,80,IsgbHSYRYts,인간의 어리석음에 대한 학습 by 버핏 & 멍거 (12 버크셔),몽뮤,https://www.youtube.com/watch?v=IsgbHSYRYts,자막 기반 요약,예,en,자동,"사업·브랜딩, 학습·기록, 기타",워런 버핏과 찰리 멍거는 타인의 실수와 금융적 어리석음을 연구하는 것이 성공의 핵심이라고 강조합니다.,01-growth.md#IsgbHSYRYts
성장을 위한,81,8eGDJNBzysM,[원본풀영상] 책에 차마 쓰지 못한 사장학개론 | 김승호의 북콘서트,스노우폭스북스,https://www.youtube.com/watch?v=8eGDJNBzysM,자막 기반 요약,예,ko,자동,"사업·브랜딩, 실행·습관",김승호 회장은 성공적인 경영과 주체적인 삶을 위해 자신을 먼저 변화시키고 끈기 있게 도전할 것을 강조합니다.,01-growth.md#8eGDJNBzysM
성장을 위한,82,BXHUJExC_eM,할수록 가난해지는 최악의 독서 습관 5,주언규 joo earn gyu,https://www.youtube.com/watch?v=BXHUJExC_eM,자막 기반 요약,예,ko,자동,"실행·습관, 학습·기록",독서가 성공으로 연결되려면 다독보다 내용을 삶에 적용하는 구체적인 전략과 실행이 필수적입니다.,01-growth.md#BXHUJExC_eM
성장을 위한,83,6x3b_70jBvk,???: 찬물 샤워를 해보세요,너덜트,https://www.youtube.com/watch?v=6x3b_70jBvk,자막 기반 요약,예,ko,자동,"실행·습관, 회복·감정, 기타",인간의 끝없는 욕망을 이겨내기 위해 작은 성공부터 실천하고 고통을 감내하며 목표를 향해 나아가는 태도를 강조합니다.,01-growth.md#6x3b_70jBvk
성장을 위한,84,qL_p0xm0Qt8,우리가 살면서 문학작품을 꼭 읽어야 하는 이유,한국사장학교 TV,https://www.youtube.com/watch?v=qL_p0xm0Qt8,자막 기반 요약,예,ko,자동,"학습·기록, 사업·브랜딩, 기타",문학 작품을 깊이 있게 읽는 것은 타인의 굴곡진 삶을 간접 체험하며 새로운 인생을 한 번 더 사는 것과 같습니다.,01-growth.md#qL_p0xm0Qt8
성장을 위한,85,qY1P_CmL8aQ,인생 노트앱...드디어 찾았습니다..!,노마드 코더 Nomad Coders,https://www.youtube.com/watch?v=qY1P_CmL8aQ,자막 기반 요약,예,en,자동,"도구·AI, 학습·기록, 사업·브랜딩",옵시디언의 기능을 극대화하고 시각적으로 개선해 주는 7가지 필수 플러그인을 소개합니다.,01-growth.md#qY1P_CmL8aQ
성장을 위한,86,9T5DukkikAg,나와 함께 오래갈 사람,한국사장학교 TV,https://www.youtube.com/watch?v=9T5DukkikAg,자막 기반 요약,예,ko,자동,"사업·브랜딩, 소통·관계","훌륭한 인재를 채용하기 위해서는 기술보다 품성을 우선시해야 하며, 이들이 오래 머물게 하려면 업무에서 보람을 느끼도록 지원해야 합니다.",01-growth.md#9T5DukkikAg
성장을 위한,87,Zh9fVMzLUlk,"성공포르노 성수기, 새해다짐 시즌에 속지 않는법",동기부여 뒤집기,https://www.youtube.com/watch?v=Zh9fVMzLUlk,자막 기반 요약,예,ko,자동,"실행·습관, 사업·브랜딩, 회복·감정","새해다짐 시즌에 기승을 부리는 성공 포르노 마케팅의 허구성을 비판하며, 과도한 계획보다 본질적인 실천의 중요성을 강조합니다.",01-growth.md#Zh9fVMzLUlk
성장을 위한,88,pwKuAkgUWnc,"내가 끊임없이 실패하는 이유, 의지력이 부족해서가 아닙니다! ㅣ 베이직교회 조정민 목사 ㅣ 잘잘법 174회",잘잘법 :잘 믿고 잘 사는 법,https://www.youtube.com/watch?v=pwKuAkgUWnc,자막 기반 요약,예,ko,자동,"실행·습관, 신앙·가치, 회복·감정",작심삼일의 반복은 의지력 부족이 아니라 일의 가치와 중요성을 충분히 자각하지 못했기 때문입니다.,01-growth.md#pwKuAkgUWnc
성장을 위한,89,b1d3yB7Vv7c,피가 되고 살이 되는 쓴소리 ft.백종원,잘될거야,https://www.youtube.com/watch?v=b1d3yB7Vv7c,자막 기반 요약,예,ko,자동,"실행·습관, 소통·관계, 동기부여",백종원은 과거를 딛고 기회를 얻은 이에게 주변의 믿음을 저버리지 말고 반드시 변화할 것을 강력히 촉구합니다.,01-growth.md#b1d3yB7Vv7c
성장을 위한,90,Wrma9n0ibcg,레이달리오의 성공법칙,코인 데이터,https://www.youtube.com/watch?v=Wrma9n0ibcg,자막 기반 요약,예,en,자동,"실행·습관, 사업·브랜딩",레이 달리오가 제안하는 성공을 위한 5단계 프로세스를 설명합니다.,01-growth.md#Wrma9n0ibcg
성장을 위한,91,Erx28AkkU6w,"""모든 학생에 전액 장학금을"" 1조 3천억 원 기부 / SBS / #D리포트",SBS 뉴스,https://www.youtube.com/watch?v=Erx28AkkU6w,자막 기반 요약,예,ko,확인 안 됨,"신앙·가치, 기타",알버트 아인슈타인 의과대학의 루스 가데스먼 전 교수가 학생들의 학비 부담을 없애기 위해 1조 3천억 원을 기부했습니다.,01-growth.md#Erx28AkkU6w
성장을 위한,92,ECh25K1_6SI,"하고 싶은 일, 해야 하는 일ㅣ동기부여 영상 모음",자기객관화,https://www.youtube.com/watch?v=ECh25K1_6SI,자막 기반 요약,예,ko,자동,"실행·습관, 회복·감정, 기타",성공한 인물들의 경험을 통해 자신이 좋아하는 일을 포기하지 않고 도전하는 태도의 중요성을 강조합니다.,01-growth.md#ECh25K1_6SI
성장을 위한,93,8onUlhw_qtQ,진짜 내 꿈을 찾는 법!! 방황하고 있는 그대에게✨,CosmoJina 코스모지나,https://www.youtube.com/watch?v=8onUlhw_qtQ,영상 직접 분석,예,ko,수동,"실행·습관, 학습·기록, 회복·감정",이 영상은 로라 가넷의 '천재성 영역(Zone of Genius)' 개념을 활용해 진정한 자아와 꿈을 찾는 구체적인 방법을 제시합니다.,01-growth.md#8onUlhw_qtQ
성장을 위한,94,_h3ecO9v6Tc,도덕적으로 미덕있는 척 하는 사람은 저급한 사람이다 | 조던 피터슨,바른말오른말,https://www.youtube.com/watch?v=_h3ecO9v6Tc,자막 기반 요약,예,en,자동,"소통·관계, 회복·감정",조던 피터슨은 자신의 무능함과 나약함을 도덕적 미덕으로 포장하는 남성이 노골적인 가해자보다 더 저급한 존재라고 비판합니다.,01-growth.md#_h3ecO9v6Tc
성장을 위한,95,1x6v-bDJ1jQ,포기 안 하는 방법,주언규 joo earn gyu,https://www.youtube.com/watch?v=1x6v-bDJ1jQ,자막 기반 요약,예,ko,자동,"실행·습관, 기타","포기는 결과를 확인하지 않고 중간에 그만두는 것이며, 이를 방지하려면 시작 전 명확한 기간을 설정해야 합니다.",01-growth.md#1x6v-bDJ1jQ
성장을 위한,96,zfx3k7NB1G8,우리나라가 인터넷 최강국이 된 이유,또치킨,https://www.youtube.com/watch?v=zfx3k7NB1G8,자막 기반 요약,예,ko,자동,"도구·AI, 기타",전길남 박사는 기술적 불모지였던 한국에서 네트워크 구축이 국가 발전의 핵심임을 간파하고 독자적인 기술 개발을 이끌었습니다.,01-growth.md#zfx3k7NB1G8
성장을 위한,97,QrshuvMBOC4,아무리 해도 인생이 안 풀릴 때,주언규 joo earn gyu,https://www.youtube.com/watch?v=QrshuvMBOC4,자막 기반 요약,예,ko,자동,"실행·습관, 소통·관계",인생이 잘 풀리지 않을 때는 고집을 버리고 목표는 유지하되 접근 방법을 바꾸는 유연함이 필요합니다.,01-growth.md#QrshuvMBOC4
성장을 위한,98,snAcqJmDwss,"결국 해내는 사람들은 계획부터 다르다 ""계획대로 안되도 흔들리지 않아요""",드로우앤드류,https://www.youtube.com/watch?v=snAcqJmDwss,자막 기반 요약,예,ko,자동,"실행·습관, 학습·기록, 기타","앤드류는 계획, 실행, 기록, 동기부여로 이어지는 지속 가능한 자기계발 사이클을 통해 목표에 가까워지는 방법을 제시합니다.",01-growth.md#snAcqJmDwss
성장을 위한,99,0ytXUIWS4P4,대부분의 사람들이 이걸 몰라서 부자가 되지 못해요 | 되더라 - 현우진 | 공부자극 | 동기부여 | bgm 제거 버전,오늘의글,https://www.youtube.com/watch?v=0ytXUIWS4P4,자막 기반 요약,예,ko,자동,"실행·습관, 학습·기록, 동기부여","현우진 강사는 공부의 성패가 재능과 노력의 결합에 달려 있으며, 압도적인 성과를 위해선 높은 기준과 막대한 인풋이 필수라고 강조합니다.",01-growth.md#0ytXUIWS4P4
성장을 위한,100,9BnSk8UuOyc,우리의 인생에는 세 단계가 있다.,Intelligence,https://www.youtube.com/watch?v=9BnSk8UuOyc,자막 기반 요약,예,en,자동,"실행·습관, 신앙·가치",SNS에 의존하기보다 침묵 속에서 배우고 성장하며 인생의 세 단계를 충실히 살아가라는 조언을 전합니다.,01-growth.md#9BnSk8UuOyc
성장을 위한,101,A_9ecbVNH4U,"워렌버핏의 평생 파트너, 최고 자산가 찰리멍거의 10가지 교훈, 부자의 습관ㅣ동기부여학과",동기부여학과,https://www.youtube.com/watch?v=A_9ecbVNH4U,자막 기반 요약,예,ko,자동,"실행·습관, 사업·브랜딩, 신앙·가치","찰리 멍거는 돈을 목적이 아닌 원하는 삶을 살기 위한 도구로 정의하며, 겸손과 단순함의 가치를 강조합니다.",01-growth.md#A_9ecbVNH4U
성장을 위한,102,h26vRWbx6nU,성공한 사람들의 한 가지 비밀 | 마크 주커버크,NOMATTER 노메럴,https://www.youtube.com/watch?v=h26vRWbx6nU,자막 기반 요약,예,en,자동,"실행·습관, 사업·브랜딩","마크 주커버그는 아이디어가 처음부터 완벽하게 완성된 상태로 나타나지 않으며, 실행하는 과정에서 점차 명확해진다고 강조합니다.",01-growth.md#h26vRWbx6nU
성장을 위한,103,uzLrRi6zWaA,"사실상 끝난 상황에서, 어떻게든 방법을 찾아 보는데..",MG세대,https://www.youtube.com/watch?v=uzLrRi6zWaA,자막 기반 요약,예,en,확인 안 됨,"실행·습관, 회복·감정",절망적인 상황에서도 포기하지 않고 끝까지 해결책을 찾아내는 끈기의 중요성을 보여줍니다.,01-growth.md#uzLrRi6zWaA
성장을 위한,104,9TBJHgUCNuk,당신에게 불안이 찾아왔다면 | 로버트 그린,NOMATTER 노메럴,https://www.youtube.com/watch?v=9TBJHgUCNuk,자막 기반 요약,예,en,자동,"회복·감정, 실행·습관","로버트 그린은 불안을 해결되지 않은 문제에 대한 신호로 정의하며, 즉각적인 해답을 찾기보다 깊이 사고할 것을 권장합니다.",01-growth.md#9TBJHgUCNuk
성장을 위한,105,1eqTEQvzc1E,배우는 속도가 느린 것 같다면 '이걸' 해 보세요 | 빠른 학습을 가능하게 하는 3가지 도구,알리고올리GO - 교육정보 전문 채널,https://www.youtube.com/watch?v=1eqTEQvzc1E,자막 기반 요약,예,en,자동,"학습·기록, 실행·습관, 건강",성인기 뇌 가소성을 활성화하려면 실수를 통한 자극과 적절한 자율신경계 조절이 필수적입니다.,01-growth.md#1eqTEQvzc1E
성장을 위한,106,wnYdyYdJOBY,게으르고 야망이 큰 사람이 위험한 이유 | 패트릭 벳 데이비드,NOMATTER 노메럴,https://www.youtube.com/watch?v=wnYdyYdJOBY,자막 기반 요약,예,en,자동,"소통·관계, 사업·브랜딩",패트릭 벳 데이비드는 실력과 노력 없이 야망만 큰 사람들을 사회에서 가장 위험한 부류로 정의하며 경계할 것을 조언합니다.,01-growth.md#wnYdyYdJOBY
성장을 위한,107,F42oxFb9gfc,실리콘밸리가 사용하는 일하는 프로세스,퇴사한 이형,https://www.youtube.com/watch?v=F42oxFb9gfc,자막 기반 요약,예,ko,자동,"사업·브랜딩, 소통·관계, 기타","실리콘밸리는 명확한 오너십과 고객 중심 문화를 바탕으로 투명한 업무 프로세스를 운영하며, 이는 파편화된 한국식 업무 방식과 차별화됩니다.",01-growth.md#F42oxFb9gfc
성장을 위한,108,fx-6os408VE,진상 처리에 도가 튼 알바생,숏! 무비중심,https://www.youtube.com/watch?v=fx-6os408VE,자막 기반 요약,예,ko,자동,"소통·관계, 사업·브랜딩",불만을 제기하는 손님에게 즉각 사과하고 너스레를 떨어 상황을 유연하게 해결하는 알바생의 모습입니다.,01-growth.md#fx-6os408VE
성장을 위한,109,r4v4oinvmng,성공한 사업가는 다 한다는 '이 루틴',큰손 노희영,https://www.youtube.com/watch?v=r4v4oinvmng,자막 기반 요약,예,ko,자동,"사업·브랜딩, 학습·기록, 실행·습관","외식할 때마다 식당의 좌석 수, 인건비, 매출 및 임대료를 추정하여 기록하는 분석 루틴을 강조합니다.",01-growth.md#r4v4oinvmng
성장을 위한,110,Ri0boleSuDc,레스 브라운 역대급 동기부여 영상 -,성공한스푼,https://www.youtube.com/watch?v=Ri0boleSuDc,영상 직접 분석,아니오,확인 안 됨,확인 안 됨,"회복·감정, 실행·습관, 기타",레스 브라운은 아들과의 게임 일화를 통해 승리할 때까지 포기하지 않는 태도의 중요성을 강조합니다.,01-growth.md#Ri0boleSuDc
성장을 위한,111,ORUfaD_jjfE,신발 끈 꽉 매고 그냥 밀어붙여.,Intelligence,https://www.youtube.com/watch?v=ORUfaD_jjfE,자막 기반 요약,예,en,자동,"사업·브랜딩, 실행·습관",상업용 부동산 전문가인 인터뷰이는 성공을 위해 막대한 자본보다 지능과 끈기 있는 노력이 필수적이라고 강조합니다.,01-growth.md#ORUfaD_jjfE
성장을 위한,112,LwnsHp5b-rU,냉소적인 사람과 낙관적인 사람의 차이 | 알렉스 홀모지,NOMATTER 노메럴,https://www.youtube.com/watch?v=LwnsHp5b-rU,자막 기반 요약,예,en,자동,"사업·브랜딩, 실행·습관",낙관주의자는 큰 성취가 가능하다는 믿음을 바탕으로 행동하며 결국 부와 성공을 거머쥡니다.,01-growth.md#LwnsHp5b-rU
성장을 위한,113,cOINKq-rzVE,“나도 기술적 분석 다 해봤지” #워런버핏,메이킹알파,https://www.youtube.com/watch?v=cOINKq-rzVE,자막 기반 요약,예,en,확인 안 됨,"실행·습관, 학습·기록, 기타",워런 버핏은 주식 투자에서 이론보다 실제 경험을 통한 배움과 자기 성찰의 중요성을 강조합니다.,01-growth.md#cOINKq-rzVE
성장을 위한,114,KNC7UWvn4W4,비범함을 위해선 그래야만 한다.,Intelligence,https://www.youtube.com/watch?v=KNC7UWvn4W4,자막 기반 요약,예,en,자동,"실행·습관, 사업·브랜딩",비범한 성과를 달성하기 위해서는 완벽주의와 타협하지 않는 엄격한 기준이 필수적임을 강조합니다.,01-growth.md#KNC7UWvn4W4
성장을 위한,115,8eI3v-A4g-g,나는 해낸다 안 되면 죽는다.,Intelligence,https://www.youtube.com/watch?v=8eI3v-A4g-g,영상 직접 분석,아니오,확인 안 됨,확인 안 됨,"실행·습관, 성공, 동기부여, 짐론",짐 론은 '죽을 각오로 해내겠다'는 강력한 결심이 인생을 바꿀 수 있다고 강조합니다.,01-growth.md#8eI3v-A4g-g
성장을 위한,116,4z4Gj2BXQKw,자신감 있는 척? 현실에선 안 통한다🙅‍♂️,미엠지 Me:MZ,https://www.youtube.com/watch?v=4z4Gj2BXQKw,자막 기반 요약,예,en,자동,"실행·습관, 회복·감정",자신감은 단순히 척하는 것이 아니라 작은 성취를 통해 신체가 학습해 나가는 과정입니다.,01-growth.md#4z4Gj2BXQKw
성장을 위한,117,R5lyFHQ27UU,남의 시선 자꾸 신경 쓰는 게 위험한 이유,오현호의 행동력 수업 ,https://www.youtube.com/watch?v=R5lyFHQ27UU,자막 기반 요약,예,ko,자동,"소통·관계, 회복·감정, 기타",비행기 착륙 시 타인의 평가를 의식해 부드러운 착륙에만 집착하면 오히려 위험한 상황을 초래할 수 있습니다.,01-growth.md#R5lyFHQ27UU
성장을 위한,118,Bg-qpNbs9Yo,진짜 가족을 위해 살고 있긴 해?,Intelligence,https://www.youtube.com/watch?v=Bg-qpNbs9Yo,자막 기반 요약,예,en,확인 안 됨,"실행·습관, 소통·관계","가족을 위해 죽을 수 있다는 거창한 다짐보다, 그들을 위해 건강하게 살아가는 일상의 실천이 더 중요합니다.",01-growth.md#Bg-qpNbs9Yo
성장을 위한,119,g8kEEE4_uRM,무례한 농담 대처법,"One Step, Big Change | 작은 한걸음, 큰 변화",https://www.youtube.com/watch?v=g8kEEE4_uRM,자막 기반 요약,예,en,자동,"소통·관계, 심리",무례한 질문을 받았을 때 상대방에게 말을 다시 해달라고 요청하여 상황의 주도권을 잡는 방법을 설명합니다.,01-growth.md#g8kEEE4_uRM
성장을 위한,120,572Tq1DZbsY,”세상은 소심한 남자에게 잔인하고 용기있는 자에게 보상을 준다“,미엠지 Me:MZ,https://www.youtube.com/watch?v=572Tq1DZbsY,자막 기반 요약,예,en,자동,"실행·습관, 사업·브랜딩, 소통·관계",진정한 자신감은 타인 앞에서 바보처럼 보이거나 실패하는 것을 두려워하지 않는 태도에서 시작됩니다.,01-growth.md#572Tq1DZbsY
성장을 위한,121,CdPkWCOj4ho,하는 일이 적성에 안맞을 때,큰손 노희영,https://www.youtube.com/watch?v=CdPkWCOj4ho,자막 기반 요약,예,ko,자동,"실행·습관, 소통·관계",모델에서 공인중개사로 전업 후 정체성 혼란을 겪는 사연자에게 전문가는 배수의 진을 치는 태도를 강조합니다.,01-growth.md#CdPkWCOj4ho
성장을 위한,122,Vkmn9Q7zZBY,개그맨에서 연봉 10억 작가로 변신한 고명환의 비법은 '이것'⁉️ 정해진 틀을 깨고 사고방식을 바꾸는 가장 효과적인 법✅ #어쩌다어른10주년,tvN STORY 티비엔 스토리,https://www.youtube.com/watch?v=Vkmn9Q7zZBY,자막 기반 요약,예,ko,자동,"실행·습관, 학습·기록, 사업·브랜딩",고명환 작가는 독서를 통해 타인이 정한 기준의 틀을 깨고 자신의 세계를 확장하는 것이 성공의 핵심이라고 강조합니다.,01-growth.md#Vkmn9Q7zZBY
성장을 위한,123,fOQ7U2xL3sw,4000억 엑싯한 맥킨지 출신 창업가의 초합리적 결정법(+경제학)ㅣ스킨1004 이소형,EO Korea,https://www.youtube.com/watch?v=fOQ7U2xL3sw,자막 기반 요약,예,ko,자동,"사업·브랜딩, 실행·습관, 소통·관계","이소형 대표는 거시적 흐름을 읽고 유연하게 대응하며 스킨1004를 글로벌 브랜드로 성장시켜 4,000억 원 규모의 엑싯을 달성했습니다.",01-growth.md#fOQ7U2xL3sw
성장을 위한,124,c0tpnShGv4U,최선을 다했는데 인정받지 못하는 마음이 든다면 #악마는프라다,비오케이 BeOk,https://www.youtube.com/watch?v=c0tpnShGv4U,자막 기반 요약,예,확인 안 됨,수동,"소통·관계, 실행·습관","주인공 앤디는 최선을 다해도 인정받지 못한다며 불평하지만, 동료 나이젤은 그것이 노력이 아닌 징징거림일 뿐이라고 일침을 가합니다.",01-growth.md#c0tpnShGv4U
성장을 위한,125,VCzjbSr00VM,일을 '진짜' 잘하는 사람들 특징,하꼰대 Ha kkondae,https://www.youtube.com/watch?v=VCzjbSr00VM,자막 기반 요약,예,ko,자동,"소통·관계, 실행·습관",일을 잘하는 사람의 핵심은 결과뿐만 아니라 과정에 대한 확실한 보고와 피드백에 있습니다.,01-growth.md#VCzjbSr00VM
성장을 위한,126,G1WOyfYeQZQ,무려 5년 동안 매일 훈련했다는 마이클 펠프스,애슬레틱 라이프 Athletic Life,https://www.youtube.com/watch?v=G1WOyfYeQZQ,자막 기반 요약,예,확인 안 됨,수동,"실행·습관, 기타",마이클 펠프스는 5~6년 동안 휴일 없이 매일 훈련하며 압도적인 연습량을 유지했습니다.,01-growth.md#G1WOyfYeQZQ
성장을 위한,127,MUXL_JmgnXA,"사고를 바꾸는 방법, 학생뿐만 아니라 일반인들이 사고를 바꾸려면 꼭 봐야할 영상│현우진 동기부여 영상│삶의 자세│공부 자극",인간관계와 현생,https://www.youtube.com/watch?v=MUXL_JmgnXA,자막 기반 요약,예,ko,자동,"학습·기록, 실행·습관",현우진 강사는 성적 향상을 위해 단순한 공부량보다 사고의 전환과 독서를 통한 문해력 강화가 필수적임을 강조합니다.,01-growth.md#MUXL_JmgnXA
성장을 위한,128,NNSyrIlzwwM,"[메가스터디] 바른공부설명회 현우진 ""교과서 학습을 통한 사고력 향상 학습법""",theMEGASTUDY,https://www.youtube.com/watch?v=NNSyrIlzwwM,자막 기반 요약,예,ko,자동,"학습·기록, 실행·습관",현우진 강사는 단순 암기에서 벗어나 사고력을 기르기 위한 독서와 단계별 교과서 학습의 중요성을 강조합니다.,01-growth.md#NNSyrIlzwwM
성장을 위한,129,EECgJPb6CMM,완벽을 버려야 성공한다? | Scale AI 알렉산더 왕의 완벽주의 탈출기,밸리걸,https://www.youtube.com/watch?v=EECgJPb6CMM,자막 기반 요약,예,"button ""한국어로 번역""",수동,"실행·습관, 사업·브랜딩",알렉산더 왕은 세상의 혼란스러움을 인정하며 완벽주의 대신 실용적인 접근 방식을 강조합니다.,01-growth.md#EECgJPb6CMM
성장을 위한,130,TLZIMMnEUfQ,지금 차기 미국 대통령 후보까지 거론되는 중… #영어인터뷰 #영어공부,Bagel English,https://www.youtube.com/watch?v=TLZIMMnEUfQ,자막 기반 요약,예,확인 안 됨,수동,"실행·습관, 회복·감정, 기타","조나단 김은 해군 실 출신이자 하버드 의대를 졸업한 NASA 우주비행사로, 불우한 가정 환경을 극복한 인물입니다.",01-growth.md#TLZIMMnEUfQ
성장을 위한,131,4SszTTMGbyk,20대에게 주는 조언 (팔란티어 CEO 알렉스 카프),인간지능 | Human Intelligence,https://www.youtube.com/watch?v=4SszTTMGbyk,영상 직접 분석,아니오,확인 안 됨,확인 안 됨,"사업·브랜딩, 학습·기록, 기타",20대에 성공하려면 화려한 사교 생활보다는 자신의 적성과 능력 개발에 집중해야 합니다.,01-growth.md#4SszTTMGbyk
성장을 위한,132,NS7mpvJwEv8,인생에서 가장 중요한 능력은..,미엠지 Me:MZ,https://www.youtube.com/watch?v=NS7mpvJwEv8,영상 직접 분석,아니오,확인 안 됨,확인 안 됨,"소통·관계, 학습·기록, 기타",젊을 때 배워야 할 가장 중요한 기술은 자신에게만 매몰되지 않고 타인을 관찰하는 능력입니다.,01-growth.md#NS7mpvJwEv8
성장을 위한,133,1zBpozANCR0,누구든 1000% 바꿀 뇌 개조법 (공유 금지) | 존 아사라프,민팍의 마음너머,https://www.youtube.com/watch?v=1zBpozANCR0,영상 직접 분석,아니오,확인 안 됨,확인 안 됨,"실행·습관, 학습·기록, 기타",존 아사라프는 목표 달성을 위해 단순한 관심이 아닌 헌신이 필요함을 강조하며 뇌의 신경 패턴을 재설계하는 방법을 제시합니다.,01-growth.md#1zBpozANCR0
성장을 위한,134,ccyjOcYcmqQ,왜 빨리 배우는 것이 당신을 더 성공적으로 만드는가 (나를 따라해 보세요),Dan Martell,https://www.youtube.com/watch?v=ccyjOcYcmqQ,자막 기반 요약,예,"button ""한국어로 번역""",수동,"학습·기록, 실행·습관, 사업·브랜딩","성공을 앞당기기 위해서는 단순히 지식을 습득하는 것이 아니라, 명확한 목표 설정과 기술 트리 매핑을 통해 학습 속도를 10배 높여야 합니다.",01-growth.md#ccyjOcYcmqQ
성장을 위한,135,_1XhDHwRg0I,이 13권의 책 덕분에 저는 수백만장자 CEO가 되었습니다.,Dan Martell,https://www.youtube.com/watch?v=_1XhDHwRg0I,영상 직접 분석,아니오,확인 안 됨,확인 안 됨,"사업·브랜딩, 실행·습관, 학습·기록",댄 마텔은 1억 달러 규모의 비즈니스 제국을 건설하는 데 결정적인 도움을 준 13권의 필독서를 소개합니다.,01-growth.md#_1XhDHwRg0I
성장을 위한,136,jffXuIy-iVs,성공하기 위해 꼭 갖춰야 할 6가지 기술,Dan Martell,https://www.youtube.com/watch?v=jffXuIy-iVs,영상 직접 분석,아니오,확인 안 됨,확인 안 됨,"실행·습관, 소통·관계, 사업·브랜딩","성공의 핵심인 존중을 얻기 위해 즉각적인 소통과 외모 관리, 확신 있는 태도가 중요함을 강조합니다.",01-growth.md#jffXuIy-iVs
성장을 위한,137,G5Nqcu9tyqQ,빚300억에서 자산7조를 만든 ‘한마디’ 💵,1%의성장,https://www.youtube.com/watch?v=G5Nqcu9tyqQ,자막 기반 요약,예,확인 안 됨,수동,"사업·브랜딩, 소통·관계",막대한 부채를 극복하고 수조 원 가치의 기업을 일궈낸 자산가는 성공의 핵심으로 관계와 경청을 꼽았습니다.,01-growth.md#G5Nqcu9tyqQ
성장을 위한,138,8lakAE_AZM0,꿈의 사업을 만드는 방법 (feat. Gary Vee & Patrick Bet-David),Dan Martell,https://www.youtube.com/watch?v=8lakAE_AZM0,영상 직접 분석,아니오,확인 안 됨,확인 안 됨,"사업·브랜딩, 실행·습관, 소통·관계",꿈의 사업을 구축하려면 타인이 과하다고 느낄 정도의 집착과 장기적인 목표에 맞춘 삶의 설계가 필요합니다.,01-growth.md#8lakAE_AZM0
성장을 위한,139,teugguggmuc,Scale AI 창업자 알렉산더 왕,BZCF | 비즈까페,https://www.youtube.com/watch?v=teugguggmuc,자막 기반 요약,예,확인 안 됨,수동,"사업·브랜딩, 실행·습관",알렉산더 왕은 성공의 핵심 요소로 업무에 대한 깊은 애정과 영혼을 담은 몰입도를 꼽습니다.,01-growth.md#teugguggmuc
성장을 위한,140,fXyRprdoEoE,목표를 실제로 달성하기 위한 시스템을 구축하는 방법,Justin Sung,https://www.youtube.com/watch?v=fXyRprdoEoE,영상 직접 분석,아니오,확인 안 됨,확인 안 됨,"실행·습관, 학습·기록, 자기계발",의지력이나 동기부여에 의존하기보다 목표 달성을 위한 자동화된 프로세스를 구축하는 '시스템 사고'의 중요성을 강조합니다.,01-growth.md#fXyRprdoEoE
성장을 위한,141,MD46WoafgSw,사자처럼 일하라,성공한스푼,https://www.youtube.com/watch?v=MD46WoafgSw,자막 기반 요약,예,"button ""한국어로 번역""",수동,"실행·습관, 회복·감정, 기타",화자는 사자나 운동선수처럼 평소에는 충분히 휴식하다가 중요한 일에 몰입하는 삶의 방식을 강조합니다.,01-growth.md#MD46WoafgSw
성장을 위한,142,U4PsIm9dDvs,넌 똑똑한 아이였어. 그런데 왜 지금은 이렇게 길을 잃은 기분이 드는 거야?,Let's Talk Psychology Podcast,https://www.youtube.com/watch?v=U4PsIm9dDvs,영상 직접 분석,아니오,확인 안 됨,확인 안 됨,"회복·감정, 소통·관계, 학습·기록",어린 시절 '똑똑함'을 정체성으로 삼았던 아이들이 성인이 되어 겪는 고립감과 심리적 어려움의 원인을 분석합니다.,01-growth.md#U4PsIm9dDvs
성장을 위한,143,dCHGoXBlReM,성공하려면 바꿔라 🤫,1%의성장,https://www.youtube.com/watch?v=dCHGoXBlReM,영상 직접 분석,아니오,확인 안 됨,확인 안 됨,"사업·브랜딩, 소통·관계, 실행·습관","필립 화이트는 성공을 위해 자신이 가장 똑똑할 필요는 없으며, 주변의 현명한 사람들을 활용하고 경청하는 태도가 중요하다고 강조합니다.",01-growth.md#dCHGoXBlReM
성장을 위한,144,2mFfSRq3ao8,내가 노력을 안 했던 이유,주언규 joo earn gyu,https://www.youtube.com/watch?v=2mFfSRq3ao8,영상 직접 분석,아니오,확인 안 됨,확인 안 됨,"실행·습관, 학습·기록, 기타",노력은 억지로 쥐어짜는 것이 아니라 확신의 크기에 비례하여 자연스럽게 발생하는 결과입니다.,01-growth.md#2mFfSRq3ao8
성장을 위한,145,XtQEoXJW9bw,날 우울하게 만드는 것들,주언규 joo earn gyu,https://www.youtube.com/watch?v=XtQEoXJW9bw,영상 직접 분석,아니오,확인 안 됨,확인 안 됨,"회복·감정, 학습·기록, 기타",화자는 만성 우울증을 극복한 경험을 바탕으로 우울함을 유발하는 다섯 가지 상황을 분석합니다.,01-growth.md#XtQEoXJW9bw
성장을 위한,146,kWY9mNMz4iI,워런 버핏이 말하는 '진정한 성공',내일은 투자왕 - 김단테,https://www.youtube.com/watch?v=kWY9mNMz4iI,영상 직접 분석,아니오,확인 안 됨,확인 안 됨,"사업·브랜딩, 소통·관계, 학습·기록","워런 버핏은 진정한 성공을 사랑받는 것으로 정의하며, 자신에 대한 투자와 올바른 관계 맺기의 중요성을 강조합니다.",01-growth.md#kWY9mNMz4iI
성장을 위한,147,X_fZwFso2JE,박진영이 말하는 재능있는사람 이기는 방법,꿀딸기,https://www.youtube.com/watch?v=X_fZwFso2JE,영상 직접 분석,아니오,확인 안 됨,확인 안 됨,"실행·습관, 기타",박진영은 매일 반복되는 지루함을 이겨내는 성실함이 성공의 핵심이라고 강조합니다.,01-growth.md#X_fZwFso2JE
성장을 위한,148,gdpjWRd3-T8,헬창들이 주 1회는 꼭 해야 되는 동작,짐토크 GYM TALK,https://www.youtube.com/watch?v=gdpjWRd3-T8,영상 직접 분석,아니오,확인 안 됨,확인 안 됨,"건강, 기타",근육 고립 운동에만 치중하면 신체 기능성이 저하될 수 있으므로 주 1회 복합 기능성 운동이 필요합니다.,01-growth.md#gdpjWRd3-T8
성장을 위한,149,xMHi0yBNr6k,해결해야 할 문제에 집중하기,코워크시티,https://www.youtube.com/watch?v=xMHi0yBNr6k,영상 직접 분석,아니오,확인 안 됨,확인 안 됨,"사업·브랜딩, 소통·관계, 실행·습관",마크 큐반은 사업에서 좋은 소식보다 나쁜 소식을 먼저 듣는 것을 선호한다고 강조합니다.,01-growth.md#xMHi0yBNr6k
성장을 위한,150,cxIwfWqSFMM,실행하는 사람의 중요성 | 스티브 잡스,코워크시티,https://www.youtube.com/watch?v=cxIwfWqSFMM,영상 직접 분석,아니오,확인 안 됨,확인 안 됨,"실행·습관, 사업·브랜딩, 기타",스티브 잡스는 진정으로 세상을 바꾸는 사람은 사고와 실행을 동시에 하는 사람이라고 강조합니다.,01-growth.md#cxIwfWqSFMM
성장을 위한,151,'-J67gSxjY2M,고통 스러운 일들 (손주은),BZCF | 비즈까페,https://www.youtube.com/watch?v=-J67gSxjY2M,자막 기반 요약,예,확인 안 됨,수동,"실행·습관, 신앙·가치",손주은 회장은 쉽고 재미있는 일보다 고통스럽고 힘든 일이 인생에서 더 가치 있다고 강조합니다.,01-growth.md#-J67gSxjY2M
성장을 위한,152,lifH81bxQSs,“여행 말고 유학을 가세요” 이건희 회장에게 배운 이 시대에 필요한 새로운 학습법 (feat. 상하이),소울정,https://www.youtube.com/watch?v=lifH81bxQSs,영상 직접 분석,아니오,확인 안 됨,확인 안 됨,"실행·습관, 학습·기록, 이건희, 유학법","낯선 도시를 방문해 새로운 전공을 찾는 '윤소정식 유학법'을 소개하며, 이건희 회장의 학습 철학을 바탕으로 한 실천 방안을 제시합니다.",01-growth.md#lifH81bxQSs
성장을 위한,153,wNn-pdrW2AY,기독교 생산성이란 무엇인가?,Redeeming Productivity,https://www.youtube.com/watch?v=wNn-pdrW2AY,자막 기반 요약,예,"button ""한국어로 번역""",수동,"신앙·가치, 실행·습관",기독교적 생산성은 자기만족이 아닌 하나님의 영광을 위해 그분의 능력으로 선한 열매를 맺는 청지기적 삶을 의미합니다.,01-growth.md#wNn-pdrW2AY
성장을 위한,154,TtS8DE8NA4A,모두가 알지만 불편한 진실.,Intelligence,https://www.youtube.com/watch?v=TtS8DE8NA4A,영상 직접 분석,아니오,확인 안 됨,확인 안 됨,"소통·관계, 사업·브랜딩, 기타",직장에서 가장 높은 보상을 받는 사람은 단순히 똑똑한 사람이 아니라 동료들에게 호감을 얻는 인기 있는 사람입니다.,01-growth.md#TtS8DE8NA4A
성장을 위한,155,5iAhGG1-0_o,일주일만 이렇게 사세요! 인생이 달라집니다 (디쉐어 현승원 의장),주언규 joo earn gyu,https://www.youtube.com/watch?v=5iAhGG1-0_o,자막 기반 요약,예,확인 안 됨,수동,"실행·습관, 사업·브랜딩, 신앙·가치",현승원 의장은 성공 후의 허무함을 극복하기 위해 신학을 공부하며 얻은 깨달음과 몰입의 중요성을 강조합니다.,01-growth.md#5iAhGG1-0_o
성장을 위한,156,MwA1kdhgpfM,일론 머스크가 길을 잃은 사람들에게…,미엠지 Me:MZ,https://www.youtube.com/watch?v=MwA1kdhgpfM,자막 기반 요약,예,확인 안 됨,수동,"신앙·가치, 기타",일론 머스크는 삶이 단순히 당면한 문제를 해결하는 것을 넘어 인류에게 영감을 주는 가치를 추구해야 한다고 말합니다.,01-growth.md#MwA1kdhgpfM
성장을 위한,157,RpU-T6LdKac,인생은 기준 싸움이다,주언규 joo earn gyu,https://www.youtube.com/watch?v=RpU-T6LdKac,자막 기반 요약,예,확인 안 됨,수동,"실행·습관, 소통·관계",어떤 일이든 끝까지 완수하는 경험을 통해 세상을 바라보는 자신만의 기준과 렌즈를 형성해야 합니다.,01-growth.md#RpU-T6LdKac
성장을 위한,158,YbLuN90buZs,인생이 공평하길 기대하지 마라.,Intelligence,https://www.youtube.com/watch?v=YbLuN90buZs,자막 기반 요약,예,"button ""한국어로 번역""",수동,"소통·관계, 신앙·가치",80세 노인의 지혜를 통해 인생의 행복과 성공을 결정하는 핵심적인 태도들을 소개합니다.,01-growth.md#YbLuN90buZs
성장을 위한,159,pW2UVmksoxU,사람의 말보다 반응이 더 정확한 이유🤫,미엠지 Me:MZ,https://www.youtube.com/watch?v=pW2UVmksoxU,영상 직접 분석,아니오,확인 안 됨,확인 안 됨,"소통·관계, 심리, 연애, 태도",로스 제프리스는 여성이 말로 표현하는 이상형과 실제로 반응하는 남성상이 다르다고 주장합니다.,01-growth.md#pW2UVmksoxU
성장을 위한,160,MqXwnT9hNy4,가치있는 걸 얻고 싶다면 어려움과 친해져라,성공한스푼,https://www.youtube.com/watch?v=MqXwnT9hNy4,영상 직접 분석,아니오,확인 안 됨,확인 안 됨,"실행·습관, 사업·브랜딩, 회복·감정",가치 있는 모든 일은 본질적으로 어렵다는 사실을 인정해야 합니다.,01-growth.md#MqXwnT9hNy4
성장을 위한,161,6EOvYoa8SnA,상위 1%만 아는 종이 한 장의 기적.,Intelligence,https://www.youtube.com/watch?v=6EOvYoa8SnA,영상 직접 분석,아니오,확인 안 됨,확인 안 됨,"실행·습관, 학습·기록, 자기계발","브라이언 트레이시는 12개월 내 이룰 10가지 목표를 현재형으로 적고, 그중 가장 영향력 있는 하나를 골라 집중하라고 조언합니다.",01-growth.md#6EOvYoa8SnA
성장을 위한,162,c0Ez9Uvt7gg,트럼프 까는 노잼 코미디언 디스,Mic On Korea,https://www.youtube.com/watch?v=c0Ez9Uvt7gg,자막 기반 요약,예,확인 안 됨,수동,"소통·관계, 기타",트럼프의 예측 불가능한 행보는 코미디의 기준선을 무너뜨려 오히려 풍자를 어렵게 만듭니다.,01-growth.md#c0Ez9Uvt7gg
성장을 위한,163,T-UKgR8nZjU,고석현의 마인드셋부터 잡아주는 전챔피언 타이론 우들리ㄷㄷ👑😲 #ufc #mma, 빌랜드,https://www.youtube.com/watch?v=T-UKgR8nZjU,자막 기반 요약,예,확인 안 됨,수동,"실행·습관, 소통·관계",전 UFC 챔피언 타이론 우들리가 선수들에게 승리를 향한 태도와 훈련의 강도를 높일 것을 강조합니다.,01-growth.md#T-UKgR8nZjU
성장을 위한,164,Ez_CK2k18_A,우들리가 고석현에게 진심이었던 이유🙏 #ufc #mma, 빌랜드,https://www.youtube.com/watch?v=Ez_CK2k18_A,자막 기반 요약,예,확인 안 됨,수동,"신앙·가치, 기타",전 UFC 챔피언 타이론 우들리가 고석현 선수에게 전수한 훈련 철학과 그를 돕게 된 특별한 동기를 소개합니다.,01-growth.md#Ez_CK2k18_A
성장을 위한,165,2Em0AhYDFcM,맷 데이먼이 더 이상 남의 시선을 신경 쓰지 않는 이유..ㄷㄷ #오디세이 #영어회화,잉글리시엉클,https://www.youtube.com/watch?v=2Em0AhYDFcM,자막 기반 요약,예,확인 안 됨,수동,"소통·관계, 회복·감정",맷 데이먼은 배역이 겹친다는 이유로 영화 '마션' 출연을 거절하려 했으나 리들리 스콧 감독의 조언으로 마음을 바꿨습니다.,01-growth.md#2Em0AhYDFcM
"학습, 배움",1,sQYQgiHVyAM,뭐든 제대로 이해하는 방법,돈공-돈버는공식,https://www.youtube.com/watch?v=sQYQgiHVyAM,자막 기반 요약·품질 주의,예,ko,자동,"학습·기록, 실행·습관, 소통·관계","영상은 파인만 학습법을 주제 선택, 설명문 작성, 다시 배우기, 재정리의 반복으로 소개한다.",02-learning.md#sQYQgiHVyAM
"학습, 배움",2,Vl7K_kqvFiU,배우는 즉시 내 것으로 만드는 3가지 방법,돈공-돈버는공식,https://www.youtube.com/watch?v=Vl7K_kqvFiU,자막 기반 요약·품질 주의,예,ko,자동,"학습·기록, 실행·습관",배운 지식을 즉시 활용하는 피드백 루프를 구축하여 학습 효율을 극대화하는 실전 전략을 제시합니다.,02-learning.md#Vl7K_kqvFiU
"학습, 배움",3,vNO7YfQF8-o,나이 들수록 뇌를 더 빠르게 쓸 수 있는 방법,돈공-돈버는공식,https://www.youtube.com/watch?v=vNO7YfQF8-o,영상 직접 분석,아니오,확인 안 됨,확인 안 됨,"학습·기록, 건강, 실행·습관","성인 뇌의 가소성도 어린 시절만큼 활발해질 수 있으며, 특정 인식에 집중할 때 분비되는 아세틸콜린이 뇌의 변화를 이끕니다.",02-learning.md#vNO7YfQF8-o
"학습, 배움",4,hehPTOmn6vE,해외에서 난리난 공부법 (드디어 번역),민팍의 마음너머,https://www.youtube.com/watch?v=hehPTOmn6vE,자막 기반 요약,예,en,자동,"학습·기록, 실행·습관",효율적인 공부를 위해서는 25~30분 집중 후 짧은 휴식을 취하며 뇌를 재충전하는 것이 필수적입니다.,02-learning.md#hehPTOmn6vE
"학습, 배움",5,Hq8wPiPiOx8,"노력한 만큼 결과가 안나온다면, 당장 이 영상을 보셔야 합니다. | 학습법 | 자기계발 | 공부",북토크,https://www.youtube.com/watch?v=Hq8wPiPiOx8,자막 기반 요약,예,ko,자동,"학습·기록, 실행·습관",단순히 반복해서 읽는 수동적 학습에서 벗어나 뇌를 효율적으로 활용하는 진짜 공부법을 익혀야 합니다.,02-learning.md#Hq8wPiPiOx8
"학습, 배움",6,C87fr5Q12aY,"4000만 열광한 공부법 “적게 공부하고, 영리하게 공부하라“",잭스파이어 Jackspire,https://www.youtube.com/watch?v=C87fr5Q12aY,자막 기반 요약,예,en,자동,"학습·기록, 건강",효율적인 공부는 단순히 시간을 많이 투자하는 것이 아니라 뇌의 집중력을 유지하고 개념을 깊이 이해하는 전략에 달려 있습니다.,02-learning.md#C87fr5Q12aY
"학습, 배움",7,ZcFY-7UYuEA,단기간에 암기를 잘하는 법 | 7개월만에 의대 합격한 비법 (feat. 장기기억 강화),닥터시바하우스 / Dr. shiba house,https://www.youtube.com/watch?v=ZcFY-7UYuEA,자막 기반 요약,예,ko,자동,"학습·기록, 실행·습관","암기는 정보를 입력하는 것이 아니라 뇌에서 끄집어내는 인출 과정이며, 이 반복적 자극이 단기 기억을 장기 기억으로 전환합니다.",02-learning.md#ZcFY-7UYuEA
"학습, 배움",8,pEs-XsVUGKM,[#유퀴즈온더블럭] 서울대 교수님이 직접 알려주는 서울대생 공부법📚 교수님의 팩폭으로 얼떨결에 과거 사찰당한 유재석X조세호ㅋㅋ😂 | #Diggle #갓구운클립,tvN D ENT,https://www.youtube.com/watch?v=pEs-XsVUGKM,자막 기반 요약,예,ko,자동,"학습·기록, 회복·감정, 기타",서울대 교수와 의대생이 출연하여 절대적인 시간 투자와 엉덩이의 힘을 강조하는 서울대식 공부 비결을 공개합니다.,02-learning.md#pEs-XsVUGKM
"학습, 배움",9,vnDaHldRKu4,이 3가지만 기억하세요. 지금보다 무조건 똑똑해질 수 있습니다 (박문호 뇌과학자),스터디언,https://www.youtube.com/watch?v=vnDaHldRKu4,자막 기반 요약,예,ko,자동,"학습·기록, 기타","박문호 박사는 지식을 효율적으로 습득하고 고도화하기 위한 세 가지 핵심 프레임으로 대칭화, 모듈화, 순서화를 제시합니다.",02-learning.md#vnDaHldRKu4
"학습, 배움",10,o8x6ulAe6Xg,책이 통째로 외워지는 공부법. 9개월 만에 사법고시 합격한 이윤규 변호사의 공부 비법 대공개!,김교수의 세 가지,https://www.youtube.com/watch?v=o8x6ulAe6Xg,자막 기반 요약,예,ko,자동,"학습·기록, 실행·습관",이윤규 변호사는 책의 전체적인 형상을 먼저 파악하고 저자와 소통하며 질문을 던지는 효율적인 회독 공부법을 강조합니다.,02-learning.md#o8x6ulAe6Xg
"학습, 배움",11,wxbsWdGudcY,"이 2가지를 깨닫기 전까진, 절대 포기하면 안됩니다.",범작가,https://www.youtube.com/watch?v=wxbsWdGudcY,자막 기반 요약,예,ko,자동,"실행·습관, 학습·기록",목표 달성을 위해 자신감과 실행력을 넘어 본질을 꿰뚫는 통찰력과 자만하지 않는 본질 강화의 과정이 필수적입니다.,02-learning.md#wxbsWdGudcY
"학습, 배움",12,FN27nl62SVU,부자가 될 20대들이 알아야하는 3가지,민팍의 마음너머,https://www.youtube.com/watch?v=FN27nl62SVU,자막 기반 요약,예,ko,자동,"실행·습관, 사업·브랜딩",부자가 되기 위해 20대에는 미래 목표와 연결된 자기 투자를 통해 몸값을 높이고 실패를 두려워하지 않는 태도를 가져야 합니다.,02-learning.md#FN27nl62SVU
"학습, 배움",13,fMyHGqQd804,저는 이 공부법으로 의사가 되었습니다. 딱 2주만 따라하시면 됩니다.,이상욱의 진료실 밖 처방전,https://www.youtube.com/watch?v=fMyHGqQd804,자막 기반 요약,예,ko,수동,"학습·기록, 실행·습관",1-4-7-14-30 주기로 반복 복습하여 학습 내용을 장기 기억으로 전환하는 효율적인 공부 전략을 제시합니다.,02-learning.md#fMyHGqQd804
"학습, 배움",14,qrpyswoATQ8,천재들이 어려운 개념을 빠르게 배우는 학습법,노마드 코더 Nomad Coders,https://www.youtube.com/watch?v=qrpyswoATQ8,자막 기반 요약,예,en,자동,"학습·기록, 실행·습관",리처드 파인만의 학습법은 복잡한 개념을 아이에게 설명하듯 쉬운 언어로 풀어내며 자신의 지식 공백을 찾아내는 기술입니다.,02-learning.md#qrpyswoATQ8
"학습, 배움",15,bbOsoEEQMsM,세계 최고 두뇌 과학자가 찾은 90%가 성공하는 목표설정법,터닝포인트 - 위대한 성공의 시작점,https://www.youtube.com/watch?v=bbOsoEEQMsM,자막 기반 요약,예,ko,자동,"실행·습관, 학습·기록, 건강",앤드류 후보만 교수는 뇌과학적 원리를 활용해 성취율을 높이는 방법으로 단 하나의 도전적인 목표에 집중할 것을 강조합니다.,02-learning.md#bbOsoEEQMsM
"학습, 배움",16,CNrzvdcU9SE,한국에서 발견된 특이한 공부 습관? 서울대가 이 상태라면 더 이상 천재는 없다│해외 한국 교육 반응│다큐프라임│#골라듄다큐,EBSDocumentary (EBS 다큐),https://www.youtube.com/watch?v=CNrzvdcU9SE,자막 기반 요약,예,ko,자동,"학습·기록, 기타",서울대 우등생들이 교수님의 강의를 토씨 하나 틀리지 않고 받아 적어 암기하는 수용적 학습 태도로 높은 학점을 받는 실태를 조명합니다.,02-learning.md#CNrzvdcU9SE
"학습, 배움",17,7ZZdqdlkvik,"당신의 인생을 바꿔 줄 충격적인 역발상 공부법 (공부법, 암기법, 자격증시험)",곽상빈의 천재혁명,https://www.youtube.com/watch?v=7ZZdqdlkvik,영상 직접 분석,아니오,확인 안 됨,확인 안 됨,"학습·기록, 실행·습관",곽상빈 변호사는 두꺼운 기본서를 버리고 기출문제부터 공략하는 '역발상 공부법'을 제안합니다.,02-learning.md#7ZZdqdlkvik
"학습, 배움",18,BXHUJExC_eM,할수록 가난해지는 최악의 독서 습관 5,주언규 joo earn gyu,https://www.youtube.com/watch?v=BXHUJExC_eM,자막 기반 요약,예,ko,자동,"실행·습관, 학습·기록",독서가 성공으로 연결되려면 다독보다 내용을 삶에 적용하는 구체적인 전략과 실행이 필수적입니다.,02-learning.md#BXHUJExC_eM
"학습, 배움",19,1msHbPWJpic,언어를 습득하는 유일한 방법,러닝그라운드,https://www.youtube.com/watch?v=1msHbPWJpic,자막 기반 요약,예,en,자동,"학습·기록, 소통·관계, 기타",스티븐 크라센 박사는 언어 습득이 메시지를 이해하는 '이해 가능한 입력'을 통해서만 유일하게 이루어진다고 주장합니다.,02-learning.md#1msHbPWJpic
"학습, 배움",20,H9xM1VxFiAM,"대원외고, 서울대 로스쿨 졸업한 변호사가 말하는 '사소하지만 강력한 인생 꿀팁' (임현서 변호사)",스터디언,https://www.youtube.com/watch?v=H9xM1VxFiAM,자막 기반 요약,예,ko,자동,"실행·습관, 학습·기록, 회복·감정",임현서 변호사는 예측 불가능한 일상에서 세밀한 시간 계획보다 '진공 상태'를 채울 명확한 행동 강령과 준비가 중요하다고 강조합니다.,02-learning.md#H9xM1VxFiAM
"학습, 배움",21,kbkB2aJ0qgY,"""인생 날로 먹지 마"" 대원외고, 서울대 경영, 서울대 로스쿨, 변호사 겸 스타트업 대표 임현서쌤 #찍먹과외 | 연고티비",연고티비,https://www.youtube.com/watch?v=kbkB2aJ0qgY,자막 기반 요약,예,ko,확인 안 됨,"실행·습관, 학습·기록, 사업·브랜딩",임현서 변호사는 시험의 목적에 부합하는 효율적인 공부 전략과 위기감을 동력으로 삼는 철저한 자기관리법을 제시합니다.,02-learning.md#kbkB2aJ0qgY
"학습, 배움",22,MNnTEHv9jgw,뇌과학이 말하는 「빨리 배우는 가장 게으른 방법」,심리학 고양이,https://www.youtube.com/watch?v=MNnTEHv9jgw,자막 기반 요약,예,ko,자동,"학습·기록, 건강, 기타","뇌과학적으로 효율적인 학습은 무작정 오래 공부하는 것이 아니라, 뇌가 정보를 고착화할 수 있도록 적절한 휴식과 교차 학습을 병행하는 것입니다.",02-learning.md#MNnTEHv9jgw
"학습, 배움",23,3NSkk31vFbU,Why I'm able to study 4 hours with NO breaks (how to stay productive),Kharma Medic,https://www.youtube.com/watch?v=3NSkk31vFbU,자막 기반 요약,예,en,수동,"실행·습관, 학습·기록",의대생 유튜버 Nasir가 4시간 동안 휴식 없이 집중하는 공부법과 그 효율성을 설명합니다.,02-learning.md#3NSkk31vFbU
"학습, 배움",24,IDB_3S1ezsc,My Biggest Studying Mistake - The Feynman Technique,Zach Highley,https://www.youtube.com/watch?v=IDB_3S1ezsc,자막 기반 요약,예,en,수동,"실행·습관, 학습·기록",파인만 기법은 복잡한 개념을 어린아이에게 설명하듯 단순화하여 자신의 이해도를 높이는 강력한 학습법입니다.,02-learning.md#IDB_3S1ezsc
"학습, 배움",25,WrEoKuNRgLU,"억대 연봉 구글 임원이 말하는, 1살이라도 어릴 때 알아야.. 앞서가는 것들 (MZ 직장인, 프리랜서 꼭 보세요)",커밍쏜,https://www.youtube.com/watch?v=WrEoKuNRgLU,자막 기반 요약,예,ko,자동,"실행·습관, 사업·브랜딩, 소통·관계","구글 임원 출신 로이스는 성공을 위해 체력, 영어, 네트워크라는 세 가지 핵심 자산을 구축할 것을 강조합니다.",02-learning.md#WrEoKuNRgLU
"학습, 배움",26,ny9tWhuTRoM,2백만 달러 짜리 발상전환🤑,미엠지 Me:MZ,https://www.youtube.com/watch?v=ny9tWhuTRoM,자막 기반 요약,예,en,확인 안 됨,"사업·브랜딩, 기타",엘리베이터 속도 문제에 대해 기술적 해결 대신 거울을 설치하여 대기 시간의 지루함을 해소한 사례를 소개합니다.,02-learning.md#ny9tWhuTRoM
"학습, 배움",27,0ytXUIWS4P4,대부분의 사람들이 이걸 몰라서 부자가 되지 못해요 | 되더라 - 현우진 | 공부자극 | 동기부여 | bgm 제거 버전,오늘의글,https://www.youtube.com/watch?v=0ytXUIWS4P4,자막 기반 요약,예,ko,자동,"실행·습관, 학습·기록, 동기부여","현우진 강사는 공부의 성패가 재능과 노력의 결합에 달려 있으며, 압도적인 성과를 위해선 높은 기준과 막대한 인풋이 필수라고 강조합니다.",02-learning.md#0ytXUIWS4P4
"학습, 배움",28,HTLJg2Bk_BA,한국사 일타강사 최태성 마인드,아는형님 Knowingbros,https://www.youtube.com/watch?v=HTLJg2Bk_BA,자막 기반 요약,예,ko,확인 안 됨,"실행·습관, 사업·브랜딩, 소통·관계",최태성 강사는 가난 때문에 자신의 강의를 듣는다는 학생의 댓글을 보고 큰 책임감을 느꼈다고 회상합니다.,02-learning.md#HTLJg2Bk_BA
"학습, 배움",29,zf1QQRU_4FA,The BEST Study Routine for Students (Improve Focus),The Weekly Growth,https://www.youtube.com/watch?v=zf1QQRU_4FA,영상 직접 분석,아니오,확인 안 됨,확인 안 됨,"실행·습관, 학습·기록, 건강",이 영상은 번아웃을 방지하고 집중력을 극대화하는 효율적인 학습 루틴을 제안합니다.,02-learning.md#zf1QQRU_4FA
"학습, 배움",30,Wh1YReojzlk,서울대 뚫어버리는 공부법 1가지,전교 1등 재헌이,https://www.youtube.com/watch?v=Wh1YReojzlk,자막 기반 요약,예,ko,확인 안 됨,"학습·기록, 공부법",서울대 출신 강사가 하위권 학생들을 위해 1등급을 달성할 수 있는 '아웃풋 공부법'을 소개합니다.,02-learning.md#Wh1YReojzlk
"학습, 배움",31,ccyjOcYcmqQ,Why Learning FAST Makes You More Successful (just copy me),Dan Martell,https://www.youtube.com/watch?v=ccyjOcYcmqQ,자막 기반 요약,예,"button ""한국어로 번역""",수동,"학습·기록, 실행·습관, 사업·브랜딩","성공을 앞당기기 위해서는 단순히 지식을 습득하는 것이 아니라, 명확한 목표 설정과 기술 트리 매핑을 통해 학습 속도를 10배 높여야 합니다.",02-learning.md#ccyjOcYcmqQ
"학습, 배움",32,hSGt_rhu49U,How to Be So Productive it Feels ILLEGAL,Dan Martell,https://www.youtube.com/watch?v=hSGt_rhu49U,영상 직접 분석,아니오,확인 안 됨,확인 안 됨,"실행·습관, 사업·브랜딩, 기타",ADHD를 극복하고 초집중 상태를 유지하기 위한 10가지 생산성 해킹 전략을 제안합니다.,02-learning.md#hSGt_rhu49U
"학습, 배움",33,Xsxb7IK5lDA,진짜 똑똑한 사람은 이렇게 공부합니다,졸라멘탈,https://www.youtube.com/watch?v=Xsxb7IK5lDA,영상 직접 분석,아니오,확인 안 됨,확인 안 됨,"실행·습관, 학습·기록, 자기계발","효율적인 학습을 위해 입력보다 출력에 집중하고, 파레토 법칙을 활용해 핵심 20%를 먼저 익히는 것이 중요합니다.",02-learning.md#Xsxb7IK5lDA
"학습, 배움",34,C5OJJD3Eytk,"becoming smart is easy, actually","easy, actually",https://www.youtube.com/watch?v=C5OJJD3Eytk,자막 기반 요약,예,en,확인 안 됨,"학습·기록, 소통·관계, 실행·습관",진정한 똑똑함은 단순히 학위가 아니라 실용적인 지식을 습득하고 이를 실제 상황에 적용하는 능력에서 나옵니다.,02-learning.md#C5OJJD3Eytk
"학습, 배움",35,JpYA7WXkHyI,How to be a creative thinker | Carnegie Mellon University Po-Shen Loh,EO,https://www.youtube.com/watch?v=JpYA7WXkHyI,영상 직접 분석,아니오,확인 안 됨,확인 안 됨,"학습·기록, 사업·브랜딩, 도구·AI",포셴 로 교수는 AI 시대에 단순 문제 풀이보다 사고력을 기르는 교육의 중요성을 강조합니다.,02-learning.md#JpYA7WXkHyI
"학습, 배움",36,1xqerXscTsE,6 Levels of Thinking Every Student MUST Master,Justin Sung,https://www.youtube.com/watch?v=1xqerXscTsE,영상 직접 분석,아니오,확인 안 됨,확인 안 됨,"학습·기록, 실행·습관",블룸의 교육 목표 분류 체계를 활용해 학습 효율을 높이는 6단계 사고법을 설명합니다.,02-learning.md#1xqerXscTsE
"학습, 배움",37,dBubRcgQOM8,읽은 모든 것을 기억하는 단 2단계 공식,닥터가드너,https://www.youtube.com/watch?v=dBubRcgQOM8,영상 직접 분석,아니오,확인 안 됨,확인 안 됨,"학습·기록, 실행·습관, 도구·AI",학습한 내용의 70%가 하루 만에 잊히는 문제를 해결하기 위해 '소비'와 '소화'로 나뉜 2단계 프레임워크를 제안합니다.,02-learning.md#dBubRcgQOM8
"학습, 배움",38,32z8Ax1j-Q4,The smartest people have mastered these 6 core skills | Michael Watkins for Big Think+,Big Think 및 Leadership Lessons | Big Think+,https://www.youtube.com/watch?v=32z8Ax1j-Q4,영상 직접 분석,아니오,확인 안 됨,확인 안 됨,"실행·습관, 학습·기록, 사업·브랜딩, 소통·관계","전략적 사고는 타고난 자질과 후천적 훈련의 조화로 이루어지며, 누구나 노력을 통해 그 역량을 크게 향상할 수 있습니다.",02-learning.md#32z8Ax1j-Q4
"학습, 배움",39,xV6CxfX04yo,CIA 스파이처럼 학습 속도 10배 올리는 뇌 훈련법 (쉽고 간단해요) [실제 사용된 방법],일상 속 스파크,https://www.youtube.com/watch?v=xV6CxfX04yo,영상 직접 분석,아니오,확인 안 됨,확인 안 됨,"학습·기록, 실행·습관, 기타",CIA가 스파이 훈련에 사용하는 다섯 가지 뇌 해킹 학습법을 통해 학습 속도와 기억력을 높이는 방법을 소개합니다.,02-learning.md#xV6CxfX04yo
"학습, 배움",40,ntGRhqkXVA0,세계 최고의 뇌과학자가 말하는 20배 더 빨리 배우는 법 (앤드류 휴버맨),성공한스푼,https://www.youtube.com/watch?v=ntGRhqkXVA0,영상 직접 분석,아니오,확인 안 됨,확인 안 됨,"학습·기록, 건강, 기타",앤드류 휴버맨은 학습 중간에 짧은 휴식을 취하는 것이 학습 속도를 20배 높인다고 설명합니다.,02-learning.md#ntGRhqkXVA0
"학습, 배움",41,jgzreTGEb4M,The 9 Powerful Mental Models Used By History's Greatest Minds,Dante Borgese,https://www.youtube.com/watch?v=jgzreTGEb4M,영상 직접 분석,아니오,확인 안 됨,확인 안 됨,"학습·기록, 실행·습관, 기타",이 영상은 역사적 인물들이 사용한 9가지 강력한 생각의 도구인 '멘탈 모델'을 소개합니다.,02-learning.md#jgzreTGEb4M
"학습, 배움",42,OQdkjUM3yks,How To Learn Any Skill So Fast It Feels Illegal 🚀,Jim Kwik,https://www.youtube.com/watch?v=OQdkjUM3yks,영상 직접 분석,아니오,확인 안 됨,확인 안 됨,"학습·기록, 실행·습관, 자기계발",짐 퀵은 뇌의 가소성을 활용해 어떤 기술이든 빠르게 습득할 수 있는 4단계 학습법을 제시합니다.,02-learning.md#OQdkjUM3yks
"학습, 배움",43,hM2K1Ai3fj4,현실을 레벨업하는 5가지 방법 (게임 심리 실전 적용법),졸라멘탈,https://www.youtube.com/watch?v=hM2K1Ai3fj4,영상 직접 분석,아니오,확인 안 됨,확인 안 됨,"실행·습관, 학습·기록, 심리, 기타",게임의 몰입 원리를 일상에 적용하여 생산성을 높이는 다섯 가지 심리 장치를 소개합니다.,02-learning.md#hM2K1Ai3fj4
"학습, 배움",44,kWY9mNMz4iI,워런 버핏이 말하는 '진정한 성공',내일은 투자왕 - 김단테,https://www.youtube.com/watch?v=kWY9mNMz4iI,영상 직접 분석,아니오,확인 안 됨,확인 안 됨,"사업·브랜딩, 소통·관계, 학습·기록","워런 버핏은 진정한 성공을 사랑받는 것으로 정의하며, 자신에 대한 투자와 올바른 관계 맺기의 중요성을 강조합니다.",02-learning.md#kWY9mNMz4iI
"학습, 배움",45,Ml6nXM6dt7I,글 잘 쓰는 이들의 공통점은? 대가의 쉽게 읽히고 쉽게 쓰는 글쓰기 방법 총정리!,셜록현준,https://www.youtube.com/watch?v=Ml6nXM6dt7I,영상 직접 분석,아니오,확인 안 됨,확인 안 됨,"학습·기록, 소통·관계, 기타",유홍준 교수는 글쓰기의 핵심이 내가 하고 싶은 말이 아닌 남에게 들려주고 싶은 내용을 쓰는 것이라고 강조합니다.,02-learning.md#Ml6nXM6dt7I
"학습, 배움",46,KbleIwApqu4,[EBS] 적는 자가 살아남는다 | 천재들의 노트 습관 | #지식채널e,EBS 지식채널e,https://www.youtube.com/watch?v=KbleIwApqu4,영상 직접 분석,아니오,확인 안 됨,확인 안 됨,"학습·기록, 실행·습관, 기타","역사상 위대한 천재들은 각기 다른 분야에서 활동했지만, 자신의 생각을 종이에 기록하는 공통된 습관을 지녔습니다.",02-learning.md#KbleIwApqu4
"학습, 배움",47,cHCfhY_o8WM,샤워하면서도 공부를?,play 채널A,https://www.youtube.com/watch?v=cHCfhY_o8WM,자막 기반 요약,예,ko,확인 안 됨,"학습·기록, 실행·습관",역사를 재미있게 암기하는 방법과 샤워 시간을 활용한 효율적인 학습 팁을 공유합니다.,02-learning.md#cHCfhY_o8WM
"학습, 배움",48,lnZ4ZY_024Y,하루 15시간 공부? 이렇게 하면 가능합니다,뇌과학 쓸래요?,https://www.youtube.com/watch?v=lnZ4ZY_024Y,영상 직접 분석,아니오,확인 안 됨,확인 안 됨,"학습·기록, 건강, 실행·습관","공부체력은 단순한 의지력이 아니라 뇌 에너지, 집중력, 멘탈을 관리하는 시스템의 결과입니다.",02-learning.md#lnZ4ZY_024Y
"학습, 배움",49,qFROrjHyK94,The Bible Taught Me How to Manage My Time Better Than Any Self-Help Book,"Lauren Mefford, PhD",https://www.youtube.com/watch?v=qFROrjHyK94,자막 기반 요약,예,en,확인 안 됨,"신앙·가치, 실행·습관",성경적 시간 관리는 단순한 생산성을 넘어 그리스도 안에 거하며 열매를 맺는 삶을 지향합니다.,02-learning.md#qFROrjHyK94
"학습, 배움",50,X9Ek3gRp-Fw,"[Full] [특별기획] 다시, 읽기로 - 1부 읽기 도파민",EBSDocumentary (EBS 다큐),https://www.youtube.com/watch?v=X9Ek3gRp-Fw,자막 기반 요약,예,ko,확인 안 됨,"소통·관계, 학습·기록",디지털 기기에 밀려 읽기 능력이 퇴화하는 현대인들에게 독서의 즐거움을 되찾아주는 다양한 사회적 시도와 변화를 조명합니다.,02-learning.md#X9Ek3gRp-Fw
"학습, 배움",51,HytLB3-orIY,해외 유학 없이 영어를 유창하게 하는 방법 (CIA가 받는 언어교육법),원빅월드쇼 | One Big World Show | 1BWS,https://www.youtube.com/watch?v=HytLB3-orIY,영상 직접 분석,아니오,확인 안 됨,확인 안 됨,"실행·습관, 학습·기록, 소통·관계",타일러는 해외에 나가지 않고도 외국어를 유창하게 배울 수 있는 '몰입 교육'의 원리와 효과를 설명합니다.,02-learning.md#HytLB3-orIY
"학습, 배움",52,pwy8npJHPEo,언어 천재 트레버의 언어 공부 비법,톡팁,https://www.youtube.com/watch?v=pwy8npJHPEo,영상 직접 분석,아니오,확인 안 됨,확인 안 됨,"학습·기록, 소통·관계, 기타",트레버 노아는 언어 학습의 핵심이 리듬을 이해하고 실수에 대한 두려움을 버리는 것이라고 강조합니다.,02-learning.md#pwy8npJHPEo
"학습, 배움",53,Gtr2NYR6F4A,뇌세포 를 자라게 하는 3가지 충격? #shorts,OXVALOR,https://www.youtube.com/watch?v=Gtr2NYR6F4A,자막 기반 요약,예,en,확인 안 됨,"건강, 실행·습관",뇌의 해마에서 새로운 뇌세포 성장을 촉진하기 위해 신체에 의도적인 충격을 주는 세 가지 방법이 소개되었습니다.,02-learning.md#Gtr2NYR6F4A
"학습, 배움",54,Kf1dYpnH-N4,6년 걸릴 공부를 3일로 끝내는 법 — OpenAI 연구원이 인터뷰에서 직접 밝혔습니다,AgentOS,https://www.youtube.com/watch?v=Kf1dYpnH-N4,영상 직접 분석,아니오,확인 안 됨,확인 안 됨,"실행·습관, 학습·기록, 도구·AI","안드레 카파시의 학습 조언을 바탕으로, AI를 활용해 기초부터 배우는 대신 실전 프로젝트에서 필요한 지식을 역으로 파고드는 '탑다운' 학습법의 효용성을 설명합니다.",02-learning.md#Kf1dYpnH-N4
"학습, 배움",55,lF8_DX2NxjI,[한글자막] AI로 혼자서도 압도적인 실력을 쌓는 독학 방법,Tech Bridge,https://www.youtube.com/watch?v=lF8_DX2NxjI,자막 기반 요약,예,en,확인 안 됨,"실행·습관, 학습·기록, 도구·AI",AI를 활용해 개인 맞춤형 교육 시스템인 '상자 속 대학'을 구축하고 독학으로 전문가가 되는 구체적인 전략을 제시합니다.,02-learning.md#lF8_DX2NxjI
"인생수업, 위기의 때",1,2gFLaGislp4,이 강의를 본 순간 당신의 인생이 통째로 바뀔 겁니다 ㅣ 1일 1 피터슨 ㅣ Day 22 l 조던 피터슨 ㅣ 한영 자막,조던 피터슨의 일기장,https://www.youtube.com/watch?v=2gFLaGislp4,영상 직접 분석,아니오,확인 안 됨,확인 안 됨,"실행·습관, 학습·기록, 기타",조던 피터슨 교수는 실패를 피하기 위해 목표를 모호하게 두지 말고 구체적으로 설정하여 삶의 방향을 잡으라고 강조합니다.,03-life.md#2gFLaGislp4
"인생수업, 위기의 때",2,8V081wPlCbM,왜 우리는 집중력이 없는가(ft 무의식)ㅣ 조던 피터슨 ㅣ 한영자막,조던 피터슨의 일기장,https://www.youtube.com/watch?v=8V081wPlCbM,자막 기반 요약,예,확인 안 됨,확인 안 됨,"실행·습관, 회복·감정",조던 피터슨은 인간의 주의력이 의식적 의도보다는 무의식적 힘과 생물학적 하위 시스템에 의해 좌우된다고 설명합니다.,03-life.md#8V081wPlCbM
"인생수업, 위기의 때",3,Q0VWQFUVT_k,조던 피터슨 발상의 원전: 포스트 모더니즘과 막시즘 문화의 오류 (1편),뱃툽,https://www.youtube.com/watch?v=Q0VWQFUVT_k,자막 기반 요약,예,확인 안 됨,확인 안 됨,"신앙·가치, 소통·관계, 기타",조던 피터슨은 포스트모더니즘이 공산주의의 경제적 실패 이후 마르크스주의가 정체성 정치로 재포장된 결과라고 주장합니다.,03-life.md#Q0VWQFUVT_k
"인생수업, 위기의 때",4,o73pqQ9Gzt4,자신을 바로잡으세요,PragerU,https://www.youtube.com/watch?v=o73pqQ9Gzt4,영상 직접 분석,아니오,확인 안 됨,확인 안 됨,"실행·습관, 회복·감정, 소통·관계",조던 피터슨 교수는 문제의 원인을 타인에게 돌리는 태도가 개인의 성장을 방해한다고 경고합니다.,03-life.md#o73pqQ9Gzt4
"인생수업, 위기의 때",5,klTXqkEGSME,동기부여를 원한다면 꼭 봐야할 영상ㅣ레스브라운ㅣ한영자막,잭스파이어 Jackspire,https://www.youtube.com/watch?v=klTXqkEGSME,자막 기반 요약,예,확인 안 됨,확인 안 됨,"실행·습관, 회복·감정, 신앙·가치",레스 브라운은 타인의 부정적인 평가가 자신의 현실이 되지 않도록 스스로의 잠재력을 믿고 꿈을 향해 나아갈 것을 독려합니다.,03-life.md#klTXqkEGSME
"인생수업, 위기의 때",6,Ow0CML2K2VY,부자아빠의 자본주의 생존 공략ㅣ로버트 기요사키 재테크 강의,잭스파이어 Jackspire,https://www.youtube.com/watch?v=Ow0CML2K2VY,자막 기반 요약,예,확인 안 됨,확인 안 됨,"실행·습관, 사업·브랜딩, 학습·기록",로버트 기요사키는 가난한 이들의 사고방식이 고정된 급여와 실패를 두려워하는 교육 시스템에서 비롯된다고 비판합니다.,03-life.md#Ow0CML2K2VY
"인생수업, 위기의 때",7,LquIQisaZFU,위험한 좌파들이 여러분의 자녀를 교육하고 있습니다,PragerU,https://www.youtube.com/watch?v=LquIQisaZFU,자막 기반 요약,예,확인 안 됨,확인 안 됨,"신앙·가치, 소통·관계, 기타",조던 피터슨 교수는 현대 대학을 장악한 포스트모더니즘과 네오마르크시즘이 서구 문명의 근간을 위협하고 있다고 경고합니다.,03-life.md#LquIQisaZFU
"인생수업, 위기의 때",8,5mqnksEC-44,한살이라도 더 어릴 때 깨달았으면 좋았을 것들 35가지ㅣ자본주의 공략법 (1~10),리섭 LeeSeob,https://www.youtube.com/watch?v=5mqnksEC-44,자막 기반 요약,예,확인 안 됨,확인 안 됨,"사업·브랜딩, 학습·기록, 소통·관계",자본주의 사회에서 성공하기 위해 필요한 실질적인 마인드셋과 인생 전략을 11가지 관점에서 제시합니다.,03-life.md#5mqnksEC-44
"인생수업, 위기의 때",9,tySAnIgEI2k,한살이라도 더 어릴 때 깨달았으면 좋았을 것들 - 2부ㅣ자본주의 공략법 (11~15),리섭 LeeSeob,https://www.youtube.com/watch?v=tySAnIgEI2k,영상 직접 분석,아니오,확인 안 됨,확인 안 됨,"실행·습관, 사업·브랜딩, 기타","자본주의 시스템을 탓하기보다 이를 활용하는 법을 익히고, 낮은 리스크를 활용해 끊임없이 도전할 것을 권합니다.",03-life.md#tySAnIgEI2k
"인생수업, 위기의 때",10,suQrnhHKGsY,당신의 성공이 '생각보다' 쉬운 이유 | 얼 나이팅게일,민팍의 마음너머,https://www.youtube.com/watch?v=suQrnhHKGsY,영상 직접 분석,아니오,확인 안 됨,확인 안 됨,"실행·습관, 학습·기록, 기타",얼 나이팅게일은 부의 격차가 운이나 재능이 아닌 개인의 결심과 태도에서 비롯된다고 강조합니다.,03-life.md#suQrnhHKGsY
"인생수업, 위기의 때",11,BWxYWnwi08o,[일론 머스크] 제1원리 사고법: 추정이 아닌 근본적인 문제로의 접근 (한영 자막),Project스노우볼,https://www.youtube.com/watch?v=BWxYWnwi08o,영상 직접 분석,아니오,확인 안 됨,확인 안 됨,"실행·습관, 학습·기록, 사업·브랜딩",일론 머스크는 혁신의 비결로 물리학적 사고 방식인 '제1원리 사고법'을 제시합니다.,03-life.md#BWxYWnwi08o
"인생수업, 위기의 때",12,5Gty04W5lPg,당신의 경쟁자가 *절대* 보게 두면 안되는 영상 | 타이 로페즈,민팍의 마음너머,https://www.youtube.com/watch?v=5Gty04W5lPg,자막 기반 요약,예,en,확인 안 됨,"실행·습관, 사업·브랜딩, 학습·기록","타이 로페즈는 성공이 단순한 노력이 아닌 성실성(조직화, 완벽주의, 근면, 신중)의 조화에서 온다고 강조합니다.",03-life.md#5Gty04W5lPg
"인생수업, 위기의 때",13,b2kBZLYfG8s,1개월 안에 다른 사람이 되는 법,민팍의 마음너머,https://www.youtube.com/watch?v=b2kBZLYfG8s,자막 기반 요약,예,확인 안 됨,확인 안 됨,"실행·습관, 학습·기록, 회복·감정",확언과 시각화는 뇌의 신경 회로를 재구성하여 내면의 지도를 현실에 맞게 변화시키는 강력한 도구입니다.,03-life.md#b2kBZLYfG8s
"인생수업, 위기의 때",14,4gxScmhsCf8,유튜브편집자가 유튜버 700명 편집해보고 느낀점,진용진,https://www.youtube.com/watch?v=4gxScmhsCf8,자막 기반 요약,예,확인 안 됨,확인 안 됨,"실행·습관, 사업·브랜딩, 기타",유튜브 성공의 핵심은 고품질 영상 하나에 집착하기보다 지속 가능한 업로드 빈도를 유지하며 알고리즘의 선택을 기다리는 것입니다.,03-life.md#4gxScmhsCf8
"인생수업, 위기의 때",15,7W4CA_ErATc,수퍼 재벌이 560억 짜리 전용기를 산 이유 | 그랜트 칼돈,민팍의 마음너머,https://www.youtube.com/watch?v=7W4CA_ErATc,자막 기반 요약,예,확인 안 됨,확인 안 됨,"사업·브랜딩, 실행·습관, 기타",그랜트 칼돈은 막대한 세금 문제를 해결하고 전 세계적인 네트워크를 확장하기 위해 560억 원 상당의 전용기를 구입했습니다.,03-life.md#7W4CA_ErATc
"인생수업, 위기의 때",16,TQsrWa_mGCE,하버드 학생들에게 해주고 싶은 이야기 | 조던 피터슨 (한글자막),비버처럼앞니쏙,https://www.youtube.com/watch?v=TQsrWa_mGCE,자막 기반 요약,예,en,자동,"학습·기록, 소통·관계, 신앙·가치","조던 피터슨은 대학 시절을 단순히 직업 교육의 장이 아닌, 읽고 생각하며 말하는 능력을 연마하여 최고의 역량을 갖추는 시기로 정의합니다.",03-life.md#TQsrWa_mGCE
"인생수업, 위기의 때",17,X6ier_V2x_g,조던 피터슨 | 창의적인 사람들에게 필요한 조언,조던 피터슨 한국 공식 채널,https://www.youtube.com/watch?v=X6ier_V2x_g,영상 직접 분석,아니오,확인 안 됨,확인 안 됨,"사업·브랜딩, 소통·관계, 기타",조던 피터슨은 성실성과 창의성의 특성 차이를 분석하며 창의적 활동이 가진 고위험성을 경고합니다.,03-life.md#X6ier_V2x_g
"인생수업, 위기의 때",18,O6-cyHp9tRQ,2조 원의 그릇을 보여주는 역대 베스트 인터뷰  | 그랜트 칼돈,민팍의 마음너머,https://www.youtube.com/watch?v=O6-cyHp9tRQ,영상 직접 분석,아니오,확인 안 됨,확인 안 됨,"사업·브랜딩, 실행·습관, 기타",그랜트 칼돈은 성공을 위해 자신을 압박하는 환경에 노출되고 더 큰 목표를 가진 사람들과 교류할 것을 강조합니다.,03-life.md#O6-cyHp9tRQ
"인생수업, 위기의 때",19,GHBKDnZvMHA,음악이 재미없고 삶이 피폐할 때 봐야할 영상,재즈 에비뉴 - Jazz Avenue,https://www.youtube.com/watch?v=GHBKDnZvMHA,자막 기반 요약,예,확인 안 됨,확인 안 됨,"실행·습관, 회복·감정, 신앙·가치","연습의 양보다 질과 마음가짐이 중요하며, 음악을 대하는 감사한 태도가 삶의 행복을 결정한다고 강조합니다.",03-life.md#GHBKDnZvMHA
"인생수업, 위기의 때",20,3smc7jbUPiE,[리처드 파인만] “왜 자석은 서로 밀어내는가?”에 대한 답변 (한영 자막),Project스노우볼,https://www.youtube.com/watch?v=3smc7jbUPiE,영상 직접 분석,아니오,확인 안 됨,확인 안 됨,"학습·기록, 과학적 사고, 기타",리처드 파인만은 자석이 밀어내는 이유에 대한 질문을 통해 '왜'라는 질문이 갖는 층위와 지식 체계의 중요성을 설명합니다.,03-life.md#3smc7jbUPiE
"인생수업, 위기의 때",21,Hak30f2N6m0,음악하는 사람이 공부도 해야하는 이유,재즈 에비뉴 - Jazz Avenue,https://www.youtube.com/watch?v=Hak30f2N6m0,영상 직접 분석,아니오,확인 안 됨,확인 안 됨,"학습·기록, 소통·관계, 기타","조슈아 레드먼은 학문적 배경이 음악에 직접적인 영향을 주지는 않지만, 연주는 연주자의 모든 경험과 학습이 투영된 결과라고 말합니다.",03-life.md#Hak30f2N6m0
"인생수업, 위기의 때",22,WWiDlFbvBFE,옥한흠 목사의 명설교 더울림│복을 받는 방법편,CBSJOY,https://www.youtube.com/watch?v=WWiDlFbvBFE,자막 기반 요약,예,확인 안 됨,확인 안 됨,"신앙·가치, 실행·습관, 회복·감정",옥한흠 목사는 야베스와 오벧에돔의 사례를 통해 하나님께 간절히 구하고 그분을 기쁘게 모시는 자가 누리는 복의 원리를 설명합니다.,03-life.md#WWiDlFbvBFE
"인생수업, 위기의 때",23,myfd8DqLDsw,성공하는 사람은 결국 이 3가지 원칙으로 독서합니다,작심만일 : 성공 마인드 동반자,https://www.youtube.com/watch?v=myfd8DqLDsw,자막 기반 요약,예,확인 안 됨,확인 안 됨,"학습·기록, 실행·습관","뇌 손상을 극복한 화자가 독해력을 높이기 위한 '3R' 원칙인 읽기(Read), 설명하기(Relate), 쓰기(Write)를 제시합니다.",03-life.md#myfd8DqLDsw
"인생수업, 위기의 때",24,VnJe5uusDr8,아무리 해도 난 이 사회의 부품 같아(feat. 절대 사육 당하지 않는 법),돈공-돈버는공식,https://www.youtube.com/watch?v=VnJe5uusDr8,영상 직접 분석,아니오,확인 안 됨,확인 안 됨,"실행·습관, 회복·감정, 기타, 학습·기록",조던 피터슨은 인간이 삶의 의미를 찾는 핵심 방법으로 책임감을 제시합니다.,03-life.md#VnJe5uusDr8
"인생수업, 위기의 때",25,hTcnLFfSu4A,30명의 노인들이 후회하고 느낀 인생 조언..,민팍의 마음너머,https://www.youtube.com/watch?v=hTcnLFfSu4A,자막 기반 요약,예,확인 안 됨,확인 안 됨,"실행·습관, 소통·관계, 회복·감정","인생의 선배들이 전하는 조언으로, 두려움 없이 꿈을 쫓고 현재의 순간을 즐기며 행복을 스스로 선택하라는 메시지를 담고 있습니다.",03-life.md#hTcnLFfSu4A
"인생수업, 위기의 때",26,0lwhrpvUj8g,부정적 생각을 효과적으로 극복하는 법,민팍의 마음너머,https://www.youtube.com/watch?v=0lwhrpvUj8g,자막 기반 요약,예,확인 안 됨,확인 안 됨,"회복·감정, 신앙·가치","부정적인 생각을 억지로 제거하려 하면 오히려 그 생각이 증폭되므로, 마음의 작동 원리를 이해하고 거리를 두는 것이 중요합니다.",03-life.md#0lwhrpvUj8g
"인생수업, 위기의 때",27,tupPml1hQjQ,전설의 나폴레온 힐 연설 영상,민팍의 마음너머,https://www.youtube.com/watch?v=tupPml1hQjQ,자막 기반 요약,예,en,자동,"실행·습관, 신앙·가치, 기타",나폴레온 힐은 자기 통제를 통해 잠재의식에 명확한 목표를 각인시키는 것이 성공의 핵심이라고 강조합니다.,03-life.md#tupPml1hQjQ
"인생수업, 위기의 때",28,NiJQahJ4wT4,DNA를 뛰어넘게 해줄 크래빙 이론,돈공-돈버는공식,https://www.youtube.com/watch?v=NiJQahJ4wT4,영상 직접 분석,아니오,확인 안 됨,확인 안 됨,"신앙·가치, 실행·습관, 회복·감정",인간을 생물학적 욕구에 갇힌 존재로만 정의하면 삶의 의미를 잃고 허무주의에 빠지기 쉽습니다.,03-life.md#NiJQahJ4wT4
"인생수업, 위기의 때",29,z-5W6T5FFdQ,삶의 방향이 안보여서 답답한 20대들에게 | 게리 바이너척 | 에릭남 감수,천그루숲,https://www.youtube.com/watch?v=z-5W6T5FFdQ,자막 기반 요약,예,확인 안 됨,확인 안 됨,"실행·습관, 사업·브랜딩",20대는 인생에서 가장 위험을 감수하기 좋은 시기이므로 단기적인 금전적 이익보다 자신의 열정을 따르는 모험을 시작해야 합니다.,03-life.md#z-5W6T5FFdQ
"인생수업, 위기의 때",30,E6T-WNv8_TI,이 4가지에 돈 아끼면 지능 낮은 겁니다.,리섭 LeeSeob,https://www.youtube.com/watch?v=E6T-WNv8_TI,영상 직접 분석,아니오,확인 안 됨,확인 안 됨,"사업·브랜딩, 학습·기록, 기타",자본주의 사회에서 시간을 아끼기 위해 돈을 쓰는 것은 매우 합리적인 소비 방식입니다.,03-life.md#E6T-WNv8_TI
"인생수업, 위기의 때",31,bkJcRq1Pfys,우리 모두가 갖고 있는 행복 치트키 - 게리 바이너척,게리 바이너척 Gary Vaynerchuk Korean,https://www.youtube.com/watch?v=bkJcRq1Pfys,자막 기반 요약,예,en,자동,"회복·감정, 실행·습관, 소통·관계",게리 바이너척은 인간으로 태어난 것 자체가 희박한 확률의 기적임을 강조하며 관점의 전환을 촉구합니다.,03-life.md#bkJcRq1Pfys
"인생수업, 위기의 때",32,4CjRWX-RdeM,천 년 뒤 후손들에게 전해주고 싶은 메시지 (한영 자막),Project스노우볼,https://www.youtube.com/watch?v=4CjRWX-RdeM,자막 기반 요약,예,확인 안 됨,확인 안 됨,"신앙·가치, 학습·기록",버트런드 러셀과 리처드 파인만은 후손들에게 사실과 진실에만 집중하고 교조적인 믿음을 경계할 것을 당부합니다.,03-life.md#4CjRWX-RdeM
"인생수업, 위기의 때",33,hehPTOmn6vE,해외에서 난리난 공부법 (드디어 번역),민팍의 마음너머,https://www.youtube.com/watch?v=hehPTOmn6vE,자막 기반 요약,예,en,자동,"학습·기록, 실행·습관",효율적인 공부를 위해서는 25~30분 집중 후 짧은 휴식을 취하며 뇌를 재충전하는 것이 필수적입니다.,03-life.md#hehPTOmn6vE
"인생수업, 위기의 때",34,RnrZJOHY9tY,시대가 변해도 절대 바뀌지 않는 5가지 핵심능력  | 동기부여학과,동기부여학과,https://www.youtube.com/watch?v=RnrZJOHY9tY,자막 기반 요약,예,ko,자동,"실행·습관, 학습·기록, 도구·AI",디지털 기술이 급변하는 시대에도 인간의 탁월함은 기술적 숙련도가 아닌 내면의 고유한 역량에서 비롯됩니다.,03-life.md#RnrZJOHY9tY
"인생수업, 위기의 때",35,UblIF5Utawg,백수에서 월 1억을 벌기까지 (29살),민팍의 마음너머,https://www.youtube.com/watch?v=UblIF5Utawg,자막 기반 요약,예,ko,자동,"사업·브랜딩, 실행·습관, 회복·감정","전교 꼴찌 수준의 성적과 빚더미라는 역경을 딛고, 자신의 열정을 담은 콘텐츠로 월 1억 원의 수익을 달성한 민팍의 성장기를 다룹니다.",03-life.md#UblIF5Utawg
"인생수업, 위기의 때",36,tGXQ5b5yRaM,조던 피터슨 | 당신이 먹을 독을 선택하세요,조던 피터슨 한국 공식 채널,https://www.youtube.com/watch?v=tGXQ5b5yRaM,자막 기반 요약,예,확인 안 됨,확인 안 됨,"실행·습관, 회복·감정, 기타",조던 피터슨은 가치 체계가 없는 사람들이 즉각적인 쾌락에 탐닉하는 이유를 정체성 부재와 책임 회피로 설명합니다.,03-life.md#tGXQ5b5yRaM
"인생수업, 위기의 때",37,d8Uhboe6ufw,꿈도 없고 재능도 없는 평범한 사람은 어떻게 살아야 할까?,리섭 LeeSeob,https://www.youtube.com/watch?v=d8Uhboe6ufw,영상 직접 분석,아니오,확인 안 됨,확인 안 됨,"사업·브랜딩, 실행·습관, 기타","리섭은 목표의 크기가 실행 전략을 결정하며, 개인의 역량보다 시장의 크기가 중요하다고 강조합니다.",03-life.md#d8Uhboe6ufw
"인생수업, 위기의 때",38,oBmmJB4V5CI,Gnarls Barkley(날스 바클리) - Crazy 가사 한글 자막 해석 번역,ppark _,https://www.youtube.com/watch?v=oBmmJB4V5CI,영상 직접 분석,아니오,확인 안 됨,확인 안 됨,"기타, 회복·감정, 소통·관계",날스 바클리의 명곡 'Crazy'의 가사를 한글 자막과 함께 감상할 수 있는 영상입니다.,03-life.md#oBmmJB4V5CI
"인생수업, 위기의 때",39,oYEvR8OUX28,우리가 몰랐던 트럼프의 따뜻한 성공조언,오너의 그릇,https://www.youtube.com/watch?v=oYEvR8OUX28,자막 기반 요약,예,en,자동,"실행·습관, 사업·브랜딩",도널드 트럼프는 성공을 위해 열정을 느끼는 일을 찾고 그 과정에서 발생하는 '모멘텀'을 유지하는 것이 핵심이라고 강조합니다.,03-life.md#oYEvR8OUX28
"인생수업, 위기의 때",40,SQUuLO-bn2M,중고차 딜러 VS 라이프 해킹,내셔널지오그래픽 - National Geographic Korea,https://www.youtube.com/watch?v=SQUuLO-bn2M,자막 기반 요약,예,확인 안 됨,확인 안 됨,"소통·관계, 기타, 실행·습관",중고차 구매 시 딜러의 심리 기법에 대응하여 가격을 낮추는 실전 협상 전략을 소개합니다.,03-life.md#SQUuLO-bn2M
"인생수업, 위기의 때",41,bHRhuzNA6OI,당당하게 연봉 인상 요구하는 법,내셔널지오그래픽 - National Geographic Korea,https://www.youtube.com/watch?v=bHRhuzNA6OI,영상 직접 분석,아니오,확인 안 됨,확인 안 됨,"소통·관계, 연봉협상, 비즈니스, 자기계발",연봉 협상 시 중립적인 장소를 선택하고 '합리적'이라는 표현을 사용하여 대화의 주도권을 잡는 것이 중요합니다.,03-life.md#bHRhuzNA6OI
"인생수업, 위기의 때",42,Rcn_vD9RdEw,취업 면접에서 '질문 있으세요?' 시간에 꼭 물어봐야 할 질문은?,내셔널지오그래픽 - National Geographic Korea,https://www.youtube.com/watch?v=Rcn_vD9RdEw,영상 직접 분석,아니오,확인 안 됨,확인 안 됨,"소통·관계, 실행·습관, 기타",취업 면접에서 성공하기 위한 심리학적 전략과 비언어적 기술들을 소개합니다.,03-life.md#Rcn_vD9RdEw
"인생수업, 위기의 때",43,720t8HBjWns,한계에 부딪쳤을 때 당신에게 필요한 동기부여 영상 | 한영 자막,제임스비디오 James video,https://www.youtube.com/watch?v=720t8HBjWns,자막 기반 요약,예,en,자동,"실행·습관, 신앙·가치, 기타",레스 브라운은 수많은 거절 속에서도 포기하지 않고 라디오 DJ라는 꿈을 쟁취한 자신의 일화를 통해 강력한 동기부여를 전달합니다.,03-life.md#720t8HBjWns
"인생수업, 위기의 때",44,390aHPDjv7w,사람은 결코 변하지 않는다 | 타인의 이해를 바라지 마라 | 쇼펜하우어 처세술 | 인간관계 지혜 | 인생 명언 | 인생 조언 | 오디오북,지혜의 숲,https://www.youtube.com/watch?v=390aHPDjv7w,영상 직접 분석,아니오,확인 안 됨,확인 안 됨,"소통·관계, 회복·감정, 기타",쇼펜하우어는 타인의 이해를 구하기보다 자신의 내면과 건강에 집중하며 적절한 거리를 유지하는 삶을 강조합니다.,03-life.md#390aHPDjv7w
"인생수업, 위기의 때",45,Erx28AkkU6w,모든 학생에 전액 장학금을 1조 3천억 원 기부 / SBS / #D리포트,SBS 뉴스,https://www.youtube.com/watch?v=Erx28AkkU6w,자막 기반 요약,예,확인 안 됨,확인 안 됨,"신앙·가치, 기타",알버트 아인슈타인 의과대학의 루스 가데스먼 전 교수가 학생들의 학비 부담을 없애기 위해 1조 3천억 원을 기부했습니다.,03-life.md#Erx28AkkU6w
"인생수업, 위기의 때",46,rWyIE9WwP4Q,어떤 사람으로 살 것인가를 고민해야 합니다 오박사가 알려주는 재능 많은 자식을 둔 부모의 역할은? | 오은영의 금쪽 상담소 36 회,play 채널A,https://www.youtube.com/watch?v=rWyIE9WwP4Q,자막 기반 요약,예,확인 안 됨,확인 안 됨,"소통·관계, 회복·감정, 기타",재능이 많아 여러 성취를 원하는 아이에게 오은영 박사는 '어떤 타이틀'을 얻느냐보다 '어떤 삶'을 살 것인지 고민하는 것이 중요하다고 조언합니다.,03-life.md#rWyIE9WwP4Q
"인생수업, 위기의 때",47,1x6v-bDJ1jQ,포기 안 하는 방법,주언규 joo earn gyu,https://www.youtube.com/watch?v=1x6v-bDJ1jQ,자막 기반 요약,예,ko,자동,"실행·습관, 기타","포기는 결과를 확인하지 않고 중간에 그만두는 것이며, 이를 방지하려면 시작 전 명확한 기간을 설정해야 합니다.",03-life.md#1x6v-bDJ1jQ
"인생수업, 위기의 때",48,a6g8SYeP2OA,주님이 오늘도 함께하신다 #아침기도 #기도습관 #하나님의인도하심 #주님의선하심,크리스천인사이트,https://www.youtube.com/watch?v=a6g8SYeP2OA,자막 기반 요약,예,확인 안 됨,확인 안 됨,"신앙·가치, 실행·습관",아침에 일어나서 드릴 수 있는 세 가지 기도 제목을 통해 하나님의 인도하심과 겸손을 구하는 방법을 제시합니다.,03-life.md#a6g8SYeP2OA
"인생수업, 위기의 때",49,P8VyvMpANdY,하나님께 집중해야 합니다 #사단의전략 #광명의천사 #고린도후서11장 #사단의유혹 #하나님의뜻,크리스천인사이트,https://www.youtube.com/watch?v=P8VyvMpANdY,자막 기반 요약,예,확인 안 됨,확인 안 됨,"신앙·가치, 회복·감정",사단은 광명의 천사로 위장하여 인간이 하늘의 관점에서 무의미한 세상적 성공에 몰두하도록 유혹합니다.,03-life.md#P8VyvMpANdY
"인생수업, 위기의 때",50,9BnSk8UuOyc,우리의 인생에는 세 단계가 있다.,Intelligence,https://www.youtube.com/watch?v=9BnSk8UuOyc,자막 기반 요약,예,en,자동,"실행·습관, 신앙·가치",SNS에 의존하기보다 침묵 속에서 배우고 성장하며 인생의 세 단계를 충실히 살아가라는 조언을 전합니다.,03-life.md#9BnSk8UuOyc
"인생수업, 위기의 때",51,HTLJg2Bk_BA,한국사 일타강사 최태성 마인드,아는형님 Knowingbros,https://www.youtube.com/watch?v=HTLJg2Bk_BA,자막 기반 요약,예,ko,확인 안 됨,"실행·습관, 사업·브랜딩, 소통·관계",최태성 강사는 가난 때문에 자신의 강의를 듣는다는 학생의 댓글을 보고 큰 책임감을 느꼈다고 회상합니다.,03-life.md#HTLJg2Bk_BA
"인생수업, 위기의 때",52,uzLrRi6zWaA,"사실상 끝난 상황에서, 어떻게든 방법을 찾아 보는데..",MG세대,https://www.youtube.com/watch?v=uzLrRi6zWaA,자막 기반 요약,예,확인 안 됨,확인 안 됨,"실행·습관, 회복·감정",절망적인 상황에서도 포기하지 않고 끝까지 해결책을 찾아내는 끈기의 중요성을 보여줍니다.,03-life.md#uzLrRi6zWaA
"인생수업, 위기의 때",53,IUDbatY3Hno,8000억 자산가가 노숙자에게 건넨 조언,돌숏밥,https://www.youtube.com/watch?v=IUDbatY3Hno,자막 기반 요약,예,확인 안 됨,확인 안 됨,"소통·관계, 사업·브랜딩",억만장자가 노숙자에게 자신의 가치를 제대로 인정받을 수 있는 장소의 중요성을 강조합니다.,03-life.md#IUDbatY3Hno
"인생수업, 위기의 때",54,fKA51CrFcWg,삶이 멈춘 것 같을때 빠져나오는 방법 | 루이스 호위스,NOMATTER 노메럴,https://www.youtube.com/watch?v=fKA51CrFcWg,영상 직접 분석,아니오,확인 안 됨,확인 안 됨,"회복·감정, 소통·관계, 기타",무력감과 스트레스에 빠졌을 때 타인에게 도움을 주는 태도로 전환하는 것이 중요합니다.,03-life.md#fKA51CrFcWg
"인생수업, 위기의 때",55,wnYdyYdJOBY,게으르고 야망이 큰 사람이 위험한 이유 | 패트릭 벳 데이비드,NOMATTER 노메럴,https://www.youtube.com/watch?v=wnYdyYdJOBY,자막 기반 요약,예,en,자동,"소통·관계, 사업·브랜딩",패트릭 벳 데이비드는 실력과 노력 없이 야망만 큰 사람들을 사회에서 가장 위험한 부류로 정의하며 경계할 것을 조언합니다.,03-life.md#wnYdyYdJOBY
"인생수업, 위기의 때",56,OYGr3ZiqR6Y,망설이지 말고 한살이라도 어릴 때 빨리 시작하세요 #shorts #인생조언 #메가스터디 (쇼츠 손주은),월급쟁이부자들TV,https://www.youtube.com/watch?v=OYGr3ZiqR6Y,영상 직접 분석,아니오,확인 안 됨,확인 안 됨,"실행·습관, 회복·감정, 기타",3040 세대에게 '어떻게 살 것인가'에 대한 진지한 성찰과 자신만의 도전을 강조합니다.,03-life.md#OYGr3ZiqR6Y
"인생수업, 위기의 때",57,6G4jD0KvSzk,3가지 능력으로 내 인생을 바꾸는 법 #조승연,마이크임팩트,https://www.youtube.com/watch?v=6G4jD0KvSzk,자막 기반 요약,예,확인 안 됨,확인 안 됨,"실행·습관, 회복·감정","성공하는 사람들은 하지 말아야 할 일을 절제하고, 결심한 바를 반드시 실행하며, 감정에 휘둘리지 않는 세 가지 능력을 갖추고 있습니다.",03-life.md#6G4jD0KvSzk
"인생수업, 위기의 때",58,EX3hpEhUOSs,매일 주어지는 두 가지를 잊지마세요 | 제이 프린스,NOMATTER 노메럴,https://www.youtube.com/watch?v=EX3hpEhUOSs,자막 기반 요약,예,확인 안 됨,확인 안 됨,"실행·습관, 신앙·가치",매일 우리에게는 기회와 선택이라는 두 가지 선물이 주어집니다.,03-life.md#EX3hpEhUOSs
"인생수업, 위기의 때",59,cew7jwiu7mY,악마가 당신을 무시하는 이유.,Intelligence,https://www.youtube.com/watch?v=cew7jwiu7mY,영상 직접 분석,아니오,확인 안 됨,확인 안 됨,"신앙·가치, 회복·감정",덴젤 워싱턴은 악마가 당신을 무시한다면 그것은 잘못된 길을 가고 있다는 신호일 수 있다고 말합니다.,03-life.md#cew7jwiu7mY
"인생수업, 위기의 때",60,cOINKq-rzVE,“나도 기술적 분석 다 해봤지” #워런버핏,메이킹알파,https://www.youtube.com/watch?v=cOINKq-rzVE,자막 기반 요약,예,확인 안 됨,확인 안 됨,"실행·습관, 학습·기록, 기타",워런 버핏은 주식 투자에서 이론보다 실제 경험을 통한 배움과 자기 성찰의 중요성을 강조합니다.,03-life.md#cOINKq-rzVE
"인생수업, 위기의 때",61,JWe8hWQN8cU,"🗣️""광야의 길, 하나님의 관점"" - 피아워십 목요예배 이동선 목사 설교中",F.I.A,https://www.youtube.com/watch?v=JWe8hWQN8cU,자막 기반 요약,예,확인 안 됨,확인 안 됨,"신앙·가치, 회복·감정",인간의 눈에는 고난의 광야처럼 보이는 길도 하나님의 관점에서는 축복의 길일 수 있습니다.,03-life.md#JWe8hWQN8cU
"인생수업, 위기의 때",62,DbG3MkOHiYE,냉소주의는 가난을 부르고 낙관주의는 부를 만든다,성공한스푼,https://www.youtube.com/watch?v=DbG3MkOHiYE,영상 직접 분석,아니오,확인 안 됨,확인 안 됨,"실행·습관, 회복·감정, 기타","세상은 가능성을 믿는 낙관주의자의 것이며, 큰 성취를 위해서는 반드시 긍정적인 태도가 필요합니다.",03-life.md#DbG3MkOHiYE
"인생수업, 위기의 때",63,hMD-IqQV8fU,내면의 악마와 싸우는 최고의 방법.,Intelligence,https://www.youtube.com/watch?v=hMD-IqQV8fU,영상 직접 분석,아니오,확인 안 됨,확인 안 됨,"회복·감정, 실행·습관, 기타",화자는 내면의 두려움을 피하지 말고 정면으로 마주하는 것이 극복의 핵심이라고 말합니다.,03-life.md#hMD-IqQV8fU
"인생수업, 위기의 때",64,8eI3v-A4g-g,나는 해낸다 안 되면 죽는다.,Intelligence,https://www.youtube.com/watch?v=8eI3v-A4g-g,영상 직접 분석,아니오,확인 안 됨,확인 안 됨,"실행·습관, 성공, 동기부여, 짐론",짐 론은 '죽을 각오로 해내겠다'는 강력한 결심이 인생을 바꿀 수 있다고 강조합니다.,03-life.md#8eI3v-A4g-g
"인생수업, 위기의 때",65,Bg-qpNbs9Yo,진짜 가족을 위해 살고 있긴 해?,Intelligence,https://www.youtube.com/watch?v=Bg-qpNbs9Yo,자막 기반 요약,예,확인 안 됨,확인 안 됨,"실행·습관, 소통·관계","가족을 위해 죽을 수 있다는 거창한 다짐보다, 그들을 위해 건강하게 살아가는 일상의 실천이 더 중요합니다.",03-life.md#Bg-qpNbs9Yo
"인생수업, 위기의 때",66,ysLziGJ6Rmg,일론 머스크는 하루를 5분 단위로 쪼갠다. 즉흥형 천재 아니라 계획형 괴물이다.,성공한스푼,https://www.youtube.com/watch?v=ysLziGJ6Rmg,자막 기반 요약,예,확인 안 됨,확인 안 됨,"실행·습관, 학습·기록",성공을 위해서는 활동 목록을 작성하고 우선순위를 정하는 철저한 계획 수립이 필수적입니다.,03-life.md#ysLziGJ6Rmg
"인생수업, 위기의 때",67,CdPkWCOj4ho,하는 일이 적성에 안맞을 때,큰손 노희영,https://www.youtube.com/watch?v=CdPkWCOj4ho,자막 기반 요약,예,ko,자동,"실행·습관, 소통·관계",모델에서 공인중개사로 전업 후 정체성 혼란을 겪는 사연자에게 전문가는 배수의 진을 치는 태도를 강조합니다.,03-life.md#CdPkWCOj4ho
"인생수업, 위기의 때",68,XoKLx9haF3c,"답이 안보일 땐, 이렇게 해보세요!",성공한스푼,https://www.youtube.com/watch?v=XoKLx9haF3c,영상 직접 분석,아니오,확인 안 됨,확인 안 됨,"회복·감정, 학습·기록, 기타",문제의 답이 보이지 않을 때 30분에서 60분 동안 고요 속에 머무르며 내면의 소리에 귀를 기울여 보세요.,03-life.md#XoKLx9haF3c
"인생수업, 위기의 때",69,hSGt_rhu49U,How to Be So Productive it Feels ILLEGAL,Dan Martell,https://www.youtube.com/watch?v=hSGt_rhu49U,영상 직접 분석,아니오,확인 안 됨,확인 안 됨,"실행·습관, 사업·브랜딩, 기타",ADHD를 극복하고 초집중 상태를 유지하기 위한 10가지 생산성 해킹 전략을 제안합니다.,03-life.md#hSGt_rhu49U
"인생수업, 위기의 때",70,xCCeGBW2G4w,그린베레 vs 네이비 씰,오호라,https://www.youtube.com/watch?v=xCCeGBW2G4w,자막 기반 요약,예,확인 안 됨,확인 안 됨,"소통·관계, 기타","그린베레와 네이비 씰은 각자의 특화된 임무 영역이 다르며, 특히 그린베레는 현지 세력을 활용하는 '전투력 증강'에 강점이 있습니다.",03-life.md#xCCeGBW2G4w
"인생수업, 위기의 때",71,2mFfSRq3ao8,내가 노력을 안 했던 이유,주언규 joo earn gyu,https://www.youtube.com/watch?v=2mFfSRq3ao8,영상 직접 분석,아니오,확인 안 됨,확인 안 됨,"실행·습관, 학습·기록, 기타",노력은 억지로 쥐어짜는 것이 아니라 확신의 크기에 비례하여 자연스럽게 발생하는 결과입니다.,03-life.md#2mFfSRq3ao8
"인생수업, 위기의 때",72,XtQEoXJW9bw,날 우울하게 만드는 것들,주언규 joo earn gyu,https://www.youtube.com/watch?v=XtQEoXJW9bw,영상 직접 분석,아니오,확인 안 됨,확인 안 됨,"회복·감정, 학습·기록, 기타",화자는 만성 우울증을 극복한 경험을 바탕으로 우울함을 유발하는 다섯 가지 상황을 분석합니다.,03-life.md#XtQEoXJW9bw
"인생수업, 위기의 때",73,BQiDqU34eAI,스파이가 말하는 사회를 전복시키는법 ㄷㄷ 와우,우셔우셔,https://www.youtube.com/watch?v=BQiDqU34eAI,자막 기반 요약,예,확인 안 됨,확인 안 됨,"소통·관계, 기타",전 KGB 요원 유리 베즈메노프는 사회의 도덕적 가치를 무너뜨리고 내부 갈등을 조장하여 국가를 스스로 붕괴시키는 심리전 전략을 설명합니다.,03-life.md#BQiDqU34eAI
"인생수업, 위기의 때",74,0lms-eusg58,두려워하지 말라,한국사장학교 TV,https://www.youtube.com/watch?v=0lms-eusg58,자막 기반 요약,예,확인 안 됨,확인 안 됨,"신앙·가치, 회복·감정",화자는 성경 등 여러 가르침에서 강조하는 '두려워하지 말라'는 메시지를 삶의 핵심 가치로 삼고 있습니다.,03-life.md#0lms-eusg58
"인생수업, 위기의 때",75,hoERAs0erOU,전쟁 빼고는 다 쉬운 일 (정주영 회장),BZCF | 비즈까페,https://www.youtube.com/watch?v=hoERAs0erOU,자막 기반 요약,예,확인 안 됨,확인 안 됨,"실행·습관, 사업·브랜딩, 회복·감정",정주영 회장은 생명이 위태로운 전쟁에 비하면 사회의 모든 일은 해결 가능한 쉬운 일이라고 강조합니다.,03-life.md#hoERAs0erOU
"인생수업, 위기의 때",76,Tf0N6HOdd5A,억만장자들보다 더 값졌다고 한 인터뷰,미엠지 Me:MZ,https://www.youtube.com/watch?v=Tf0N6HOdd5A,자막 기반 요약,예,확인 안 됨,확인 안 됨,"실행·습관, 신앙·가치, 소통·관계",거절의 아픔을 딛고 성공한 인물이 인생의 결정과 주변 환경의 중요성을 강조하며 신앙적 조언을 전합니다.,03-life.md#Tf0N6HOdd5A
